764.687726,462.521661
764.83,463.02
765.18,463
764.98,463.03
765.24,462.97
765.87,463.03
766.4,463.22
766.77,463.22
766.61,463.18
767.2,463.04
768.05,463.12
769.35,463.06
769.01,464.86
768.04,465.03
767.68,464.91
766.89,465.05
767.57,465.05
767.54,465.12
767.64,465.11
767.64,465.27
768.29,466.74
767.84,467.04
766.5,467.12
765.89,466.97
767.63,466.91
767.99,467.03
766.38,467.05
765.62,467
766.68,466.97
767.25,466.98
767.47,467.07
766.28,467.06
765.42,466.99
765.78,466.87
766.87,465.21
768.17,463.37
768.05,462.72
767.86,461.2
768.74,459.22
769.54,457.09
770.6,456.73
769.62,455.15
768.61,454.44
768.43,453.21
769.81,451.49
770.56,451.07
770.81,450.87
771.05,450.84
768.46,449.23
766.63,448.94
766.66,448.89
768.56,448.79
769.64,448.7
769.47,447.22
768.14,447.01
766.96,446.93
768.1,446.9
769.4,446.79
770.3,446.82
770.39,446.87
770.4,446.92
770.11,446.84
768.49,446.9
768.11,446.89
768.42,446.94
768.89,446.95
768.28,447.13
768.68,447.05
768.65,446.88
768.06,445.35
768.23,445.17
768.53,445.23
769.27,445.25
770.32,445.11
770.68,445.17
768.01,445.18
765.78,445.24
765.52,445.21
765.72,445.25
765.99,445.15
764.44,445.17
761.15,445.04
759.59,444.95
759.37,444.97
759.01,445.11
759.62,445.03
760.1,445.08
758.6,445.05
757.05,445.14
756.84,445.19
757.52,445.16
758.04,445.08
758.14,445.01
755.64,444.96
754.07,444.89
753.3,444.92
754.39,444.74
755.06,444.74
754.7,443.28
752.61,442.95
750.9,442.96
750.67,443.03
752.43,442.68
753.9,441.42
753.07,441.16
751.67,441.23
750.79,441.22
752.4,441.06
753.44,441.05
754.23,440.98
753.73,440.98
753.57,440.89
750.9,439.3
750.72,438.87
751.47,438.82
752.02,438.98
751.94,439.04
750.62,439.05
751.45,438.87
750.68,437.28
749.75,436.95
749.71,436.79
750.36,437.01
751.26,437.01
752.3,436.83
751.85,436.74
750.07,435.37
749.52,435.05
749.95,435.09
750.13,435.12
749.97,435.06
748.97,434.97
748.28,435.02
748.85,435
748.7,435.13
747.86,435.34
746.82,435.32
746.32,434.89
747.98,434.83
749.22,434.78
749.83,434.77
747.75,433.28
746.31,433.14
746.58,433.33
747.56,433.25
748.11,433.31
748.75,434.86
747.01,435.11
746.7,434.94
746.97,434.76
747.31,434.83
747.97,434.84
747.17,434.94
745.3,434.98
744.25,435.06
743.6,435.14
745.78,434.95
746.98,434.92
745.98,434.88
744.99,434.84
744.85,434.82
745.77,434.96
746.99,434.88
747.92,434.89
747.58,434.81
745.19,434.86
743.78,434.92
744.14,435.01
744.88,434.98
745.16,434.99
744.96,435.05
743.77,435.07
743.59,435.07
744.32,435
744.58,435.09
742.68,435.28
741.39,435.01
742.22,434.92
744.41,434.8
745.71,433.3
746.01,433.15
744.13,433.33
742.82,433.26
743.05,433.16
744.52,433.1
745.56,433
744.31,433.06
743.76,432.98
744.03,432.92
744.56,432.86
745.86,431.18
744.98,431.03
743.52,431.19
743.73,431.08
744.83,431.02
746.37,431
747.38,431.01
745.74,431.01
745.02,430.96
744.68,430.99
745.48,431
745.55,431.03
744.82,430.9
744.37,430.92
744.89,430.85
745.12,430.89
745.23,430.88
744.31,430.82
743.01,430.96
742.39,431.02
744.03,430.97
745.86,430.92
745.13,430.93
744.23,430.98
744.51,430.95
745.6,431.01
746.72,431.05
746.21,431.06
745.87,431.05
746.35,431.01
747.22,430.99
748.41,430.98
748.22,431.09
746.94,431.12
746.46,431.07
746.83,431.1
748.32,431.08
749.47,431.12
747.7,431.18
747.51,431.12
748.34,431.11
749.77,431
750.96,430.94
750.12,430.87
750.27,430.79
750.82,430.79
751.11,430.86
752.08,430.85
751.55,430.92
751.09,430.87
751.62,430.89
752.25,430.88
753.18,430.88
752.33,430.91
750.67,431.07
749.98,431.08
751.04,431.03
751.79,430.95
751.62,430.91
751.87,430.88
752.29,430.84
753.53,430.75
752.62,430.9
752.07,430.84
752.16,430.93
752.95,430.88
754.9,430.84
754.25,431.05
753.82,431.05
753.7,431.06
755.19,431.01
754.81,431.32
754.82,432.62
754.41,433.3
753.94,434.57
754.57,434.98
753.39,435.39
753,436.89
752.42,437.39
752.78,438.73
750.92,439.37
750.12,440.87
749.79,441.44
750.73,442.58
749.62,443.14
749.21,444.68
749.16,445.14
749.7,445.19
749.15,445.11
749.01,445.13
749.81,445.13
750.59,445.16
749.14,446.94
748.21,447.14
749.22,447.08
749.49,447.02
749.06,447.08
749.35,447.02
750.33,447.03
749.54,447.02
749.2,447.05
749.65,447.08
749.95,448.81
749.77,448.97
749.77,449
750,448.98
749.43,449.13
748.65,449.19
748.07,450.78
746.98,451.2
746.4,451.43
746.58,451.36
746.94,451.26
747.22,451.19
746.85,452.76
746.87,452.99
747.01,452.91
747.2,452.86
746.56,452.95
746.16,452.83
747.51,452.66
748.21,451.18
747.97,450.87
747.68,449.29
748.95,448.39
749.71,446.98
747.52,446.79
746.29,445.17
747.27,444.67
748.8,443.33
749.74,442.86
748.23,442.73
747.25,441.09
747.32,439.5
748.46,438.64
748.68,437.43
747.01,437.06
745.62,437.04
746.44,436.75
746.91,436.7
745.96,435.24
744.86,434.94
742.01,435.1
742.58,434.98
743.98,434.75
744.59,434.8
742.56,433.3
741.33,433.09
742.39,433.05
743.58,433.05
744.74,433.09
744.86,433.12
743.29,432.96
744.21,432.89
745.3,432.87
745.98,432.79
746.76,432.75
744.82,431.27
743.31,431.05
742.24,431.23
742.55,431.15
743.1,431.23
742.31,431.13
742.36,431.02
742.51,431.06
742.77,431.14
742.65,431.11
742.55,431.09
741.43,431.02
741.08,430.89
741.02,430.98
741.28,430.91
741.62,430.84
741.03,429.36
740.7,429.06
739.68,429.22
739.07,430.64
739.54,430.85
740.87,429.27
741.03,429.22
739.67,429.25
739.26,430.8
739.27,431.31
740.14,431.43
741.18,431.33
740.16,431.09
739.8,430.86
740.07,430.86
740.97,430.85
742.54,430.92
742.07,430.98
740.06,431.02
739.19,431.02
739.94,431.07
740.97,431.1
739.82,432.91
738.51,433.04
738.82,432.86
739.22,432.91
740.36,432.96
740.71,433
739.32,433.05
738.89,433
739.73,433.02
741.42,433.06
741.24,433.1
740.1,432.99
739.95,432.97
741.3,432.81
742.13,432.75
741.71,432.71
740.19,432.66
739.22,431.3
738.41,431.12
739.29,431.12
738.67,431.06
738.6,430.93
738.7,430.85
739.69,430.68
739.89,429.31
738.56,429.05
738.22,429.01
738.75,429.01
740.29,428.98
741.12,429.06
739.18,429
738.44,428.96
739.22,428.94
740.5,428.93
740.16,429.02
739.06,429.05
737.57,429.27
736.96,429.17
738.46,429.07
738.63,429.11
737.01,429.01
736.49,428.97
737.55,428.98
738.09,429.04
738.69,429.07
737.7,429.1
736.36,429.11
735.65,429.09
736.23,429.13
736.92,429.19
736.62,429.21
735.1,429.12
733.95,429.26
732.93,430.96
733.6,431.2
734.73,431.15
733.88,430.99
733.35,430.95
733.62,430.96
733.99,430.95
733.71,431
732.54,430.92
732.07,430.75
732.36,429.24
732.84,428.91
733.02,428.72
732.8,427.73
733.01,427.15
733.42,427.1
733.23,427.21
731.67,427.3
731.53,427.1
732.12,427.01
732.64,426.98
732.22,426.86
732.82,426.69
733.08,425.32
733.03,425.01
732.95,424.97
733.43,424.89
734.1,424.72
733.98,423.29
733.86,422.95
733.77,422.78
733.84,422.88
733.75,422.93
732.75,423
732.37,422.91
732.26,421.22
732.2,420.91
732.44,420.86
733.26,420.97
733.43,420.96
733.86,420.93
734.34,420.84
735.13,420.9
735.76,420.92
735.1,420.95
734.77,420.89
735.09,420.77
734.67,420.94
733.69,420.93
733.13,420.8
733.57,419.29
734.24,418.98
734.9,418.94
735.38,419.09
733.92,419.26
733.89,419.19
734.45,419.17
735.54,419.13
735.45,419.17
734.91,419.29
735.99,420.81
736.28,421.4
735.9,422.42
735.98,422.9
736.42,423.04
736.88,423.24
736.1,424.7
735.63,424.94
735.61,424.97
735.52,425.2
735.1,426.76
735.04,427.13
735.55,428.47
735.78,429.23
735.3,430.82
734.5,431.33
733.95,431.74
733.07,432.8
731.16,433.58
729.41,435.03
729.35,435.37
729.42,436.74
729.73,436.92
729.93,437.06
729.68,437.21
729.78,438.85
729.95,438.99
729.43,438.97
729.32,439.16
729.4,439.31
729.24,440.85
730.13,440.85
731.21,440.94
731.57,441.02
730.52,441.11
729.95,442.7
730.61,442.91
731.01,442.75
730.83,442.93
731.33,442.88
731.57,443.02
730.39,443.04
730.21,442.94
730.72,441.33
730.88,440.99
730.52,439.32
730.76,438.64
731.64,437.12
731.82,436.67
731.45,435.4
731.79,434.95
732.37,434.95
732.15,435.07
731.76,435.06
731.63,435.03
732.52,435.05
732.36,435.11
731.72,434.98
732.05,434.87
731.71,435.06
731.53,434.96
732.88,433.31
733.63,432.86
734.13,432.76
734.74,432.92
734.96,432.91
734.63,432.87
734.35,432.86
735.01,432.87
735.83,432.83
736.55,432.89
736.19,432.86
736.03,432.82
735.97,432.82
736.21,432.77
735.56,432.79
735.24,431.19
735.21,431.03
734.92,431.21
735.6,431.08
735.62,430.96
736.16,430.9
737.45,430.69
738.06,430.79
735.15,429.29
733.24,429.01
733.49,428.99
733.76,428.94
733.82,429.01
732.88,429.02
731.14,429.02
731.33,428.96
731.66,428.97
731.73,428.96
731.5,429.01
729.64,428.9
729.04,428.74
728.96,428.84
729.17,428.93
728.85,428.86
726.92,428.98
725.89,428.98
726.27,428.91
726.59,428.82
726.42,428.88
725.92,428.79
726.06,428.79
725.84,427.33
725.71,427
724.68,426.83
724.38,426.81
724.68,426.83
725,426.83
724.39,426.86
722.37,426.78
721.79,426.79
722.11,426.82
722.02,426.79
720.46,426.83
719.06,426.85
719.07,426.85
718.18,427.07
717.2,426.97
716.11,426.88
715.96,426.78
716.05,426.76
715.91,425.32
714.79,424.98
714.58,424.61
715.25,424.82
715.91,425.03
716.24,425.09
715.22,425.05
714.63,425.11
714.21,425.03
714.69,424.99
714.31,424.96
713.85,424.97
713.55,424.98
713.24,425.01
712.71,425.01
712.21,425.06
712.43,425.06
712.29,424.99
711.57,424.93
711.03,424.82
710.79,424.92
710.59,424.91
710.12,424.91
710.18,424.91
709.47,424.98
706.71,425.16
706.39,425
707.14,424.92
707.24,424.97
706.52,424.84
705.78,424.75
705.38,424.76
705.43,424.69
704.6,423.29
704.31,422.86
705.31,422.85
706.26,422.95
706.77,422.93
706.17,422.91
706.18,422.82
707.06,422.71
707.84,422.72
706.37,421.2
705.68,420.81
706.11,420.66
706.49,420.77
707.33,420.99
707.48,420.97
707.46,420.98
707.16,420.94
707.71,420.94
707.62,420.98
707.5,420.9
706.56,421.1
706.94,421.02
707.97,420.99
708.74,420.97
709.78,420.93
710.78,420.98
711.32,421.01
711.77,420.95
711.35,420.96
711.11,420.9
712,420.85
713.44,420.69
714.5,420.77
713.84,419.27
713.61,418.95
713.78,418.84
714.98,418.98
715.83,418.95
714.81,418.99
714.07,419.02
714.13,419.03
714.92,418.97
714.58,418.98
713.58,418.98
712.74,419.12
713.01,418.99
713.38,418.93
714.12,418.81
714.4,417.29
714.8,416.89
714.65,416.89
715.03,416.86
716.04,415.33
717.08,414.92
717.15,414.89
716.93,414.99
717.42,414.99
718.17,415.01
718.55,415.07
717.41,415.14
717.55,416.84
718.35,417.1
718.75,417.51
718.5,418.77
717.93,419.19
717.75,419.37
717.64,420.85
717.69,421.2
718.16,422.84
718.74,422.95
717.48,423.22
716.85,424.94
716.31,425.31
716.22,426.92
715.73,428.83
715.09,429.06
715.57,429.17
715.69,429.34
715.83,430.76
715.75,431.04
715.22,432.8
715.07,433.04
715.37,433.19
716.17,433.11
716.22,433.09
716.1,433.14
716.68,434.66
716.76,434.69
716.57,434.68
716.08,433.25
716.55,433
718.02,432.65
718.51,431.19
718.88,431
719.32,431.03
719.9,431.04
719.66,431.03
720.09,430.97
720.56,430.87
721.31,430.81
721.32,430.92
721.32,430.79
721.07,430.94
721.26,430.96
721.13,430.86
720.67,430.8
719.99,429.21
719.53,428.94
718.74,428.97
717.55,429.07
717.49,428.99
718.02,428.95
718.34,428.82
717.02,428.83
715.73,428.77
715.44,428.85
716.46,428.76
716.82,428.81
715.24,427.18
714.72,426.84
715.05,426.72
716.08,426.99
716.71,427.02
715.38,427
714.74,426.91
715.04,427
716.11,427
717.19,427.01
716.74,426.9
716.7,426.81
716.97,426.66
716.84,425.31
717.04,424.95
716.36,424.93
716.01,424.95
716.46,424.95
717.22,424.96
718.5,424.91
718.4,424.76
716.98,423.27
716.73,422.88
717.36,422.86
718.96,422.93
719.19,422.97
719.38,422.88
719.8,422.86
720.01,422.67
719.54,421.31
718.62,420.86
718.19,420.82
718.46,420.99
718.9,421.05
719.34,421.01
719.3,421.08
718.72,421.06
718.38,421.06
718.18,421.17
718.32,421.22
717.92,421.36
717.93,422.6
718.07,423.16
718.15,423.35
718.68,423.25
717.61,423.04
716.56,423.03
716.61,422.89
717.52,422.72
718.53,422.79
718.39,422.85
717.89,422.75
717.9,422.71
718.3,422.76
718.71,421.26
718.42,420.98
717.98,420.72
717.97,420.4
717.81,419.34
717.67,419.02
717.3,419.06
716.67,419
716.49,418.93
716.46,418.86
716.78,418.8
716.84,418.72
716.57,418.79
716.03,418.7
715.67,417.3
715.18,416.86
714.87,416.6
714.36,416.42
713.91,416.47
713.11,416.35
712.48,415.55
712.28,415.1
712.21,415.12
712.01,415.06
711.85,415.03
711.13,414.91
711.06,414.79
711.24,414.75
711.16,414.73
710.88,413.34
710.2,413.15
710.11,413.1
710.42,413
710.84,413.07
710.14,413.14
709.69,413.18
709.06,413.03
708.74,412.98
708.21,412.92
707.17,413.04
706.33,413.02
707.19,412.93
708.24,412.9
708.39,413.03
708.9,412.99
708.96,413.01
709.1,412.91
708.92,412.9
709.34,412.67
709.98,412.58
710.25,411.6
709.48,411.31
709.09,411.17
709.31,411.24
710.37,412.69
710.56,413.24
710.66,413.28
710.97,413.29
711.56,415.05
711.69,416.57
711.56,416.97
711.84,417.18
711.89,418.86
711.07,419.18
710.09,419.36
709.78,420.93
709.12,422.5
708.76,423.07
708.42,424.88
707.48,425.18
706.99,426.82
706.9,428.72
706.46,429.25
706.01,430.58
705.49,431.25
704.68,432.92
703.74,433.18
703.25,434.6
703.23,435.14
702.98,436.72
702.78,436.92
702.65,436.97
702.37,436.99
702,436.77
701.59,435.26
701.45,434.7
702.61,431.32
703.44,429.14
704.67,428.9
705.8,428.54
706.13,427.26
706.06,426.89
706.06,426.77
706.75,426.81
707.15,426.78
707.49,426.83
707.96,426.84
707.98,426.82
707.41,426.86
706.59,426.84
706.79,426.88
707.26,426.87
707.6,426.82
706.42,425.29
706.14,424.99
706.56,424.78
707.35,425.09
707.17,425.02
706.48,425.09
705.79,425.09
705.58,425.1
705.67,425.05
706.07,425.02
706.11,425.07
706.15,425.06
706.2,425.09
706.12,425.03
705.91,425.09
706.02,425.1
705.91,425.19
705.87,425.2
705.45,425.14
704.98,425.13
705.09,425.13
705.48,425.05
705.66,425.05
704.71,424.99
704.47,424.97
705.31,424.76
705.7,424.96
704.34,424.85
703.09,424.79
702.39,424.72
701.88,423.36
700.73,423.07
699.5,423.1
698.32,423.15
697.72,423.01
697.01,423
695.8,423.01
695.24,422.98
694.94,423.02
694.82,423.05
694.06,423
693.16,423.05
692.45,423.04
692.3,423.03
692.01,423.03
691.88,422.94
691.39,423.01
690.95,422.98
690.66,423.09
689.27,423.13
688.2,423.11
687.22,423.2
686.5,423.24
686.32,423.19
685.96,423.12
685.87,423.13
685.68,423.15
685.31,423.2
685.14,423.07
685.29,423.11
685.75,423.08
685.82,423.18
685.08,423.18
684.77,423.16
684.3,423.06
684.46,422.96
685.23,422.85
685.73,422.71
685.6,421.18
685.52,420.88
685.05,420.76
684.85,420.94
684.65,420.96
684.3,420.94
684.57,420.81
684.75,420.84
684.2,420.88
683.7,419.24
683.37,418.75
684.17,418.72
684.61,418.97
684.47,418.98
684.13,418.93
684.22,418.98
683.81,419.01
683.05,419
683.7,418.96
684.44,418.92
684.84,418.97
684.7,418.89
684.89,418.94
685.4,418.8
686.07,418.86
686.5,418.84
686.61,418.75
686.79,417.36
687.09,417.08
687.32,417.06
687.61,417.1
687.96,417.06
688.1,417.08
688.55,417.13
688.92,417.24
688.86,417.23
688.96,417.31
689.59,418.77
690.24,419.09
690.97,419.16
691.37,419.1
691.97,419.15
692.69,419.23
693.1,419.19
693.65,420.79
693.69,421.06
694.17,421.02
695.18,420.86
696.21,420.89
697.21,420.91
698.71,420.94
700.08,421.13
700.97,422.57
700.94,423.07
700.81,424.9
700.66,425.15
700.65,426.57
700.7,426.77
700.82,427.2
701,427.44
700.73,429.14
700.69,429.32
700.58,430.83
699.92,431.27
699.49,431.36
699.6,432.86
699.54,433.15
698.81,434.46
698.2,434.61
698.1,434.85
697.74,435.04
696.61,435.02
696.12,434.91
696.48,434.78
696.91,434.62
696.29,433.03
695.92,431.16
696.31,429.14
696.91,427.31
696.72,427.02
697.12,426.68
697.17,425.28
697.64,424.73
697.62,424.61
697.77,423.24
697.94,422.76
697.73,421.49
697.2,421.01
697.48,420.85
697.95,421.07
698.07,421.05
698.41,421.08
698.7,421.05
699.34,421.04
700.2,421.02
700.95,421
700.62,420.96
700.26,420.98
700.01,420.82
700.16,419.26
700.21,418.69
698.73,417.48
698.42,416.96
699.04,416.84
699.89,416.93
701.14,416.86
701.27,416.91
701.37,416.85
701.4,416.79
701.07,416.64
700.84,416.68
699.77,415.3
699.04,415.06
699.15,415.09
699.43,415.12
699.94,415.14
699.42,415.14
699.28,415.06
699.6,415.1
700.08,415.12
700.29,415.15
699.98,415.1
700.04,415.03
700.11,415.03
700.08,415
699.47,414.96
699.07,414.84
699.1,414.81
698.98,414.78
698.77,414.74
697.29,413.27
697.04,412.86
697.18,412.76
697.41,412.93
697.73,412.93
697.46,412.78
696.84,411.26
696.38,411.04
696.4,411.17
696.12,411.27
695.74,411.29
695.32,411.2
696.06,411.17
697.16,411.09
697.23,411.16
696.97,411.14
696.61,411.15
696.05,411.06
696.07,411
696,410.87
695.92,410.95
696.07,410.93
696.12,410.84
696.1,410.81
696.03,410.78
696.25,410.69
695.91,409.34
695.82,409.05
695.44,409.14
695.49,409.05
695.7,408.98
696.3,408.92
696.44,407.31
696.48,406.91
696.55,406.76
696.96,406.87
696.65,406.9
695.81,406.81
695.71,405.29
695.91,405.14
696.07,405.37
695.96,406.88
696.59,407.04
697.39,407.17
698.32,408.75
697.14,409.08
696.14,409.39
696.24,410.77
695.88,412.7
695.04,413.26
694.88,414.69
695,415.04
694.35,415.33
693.9,416.97
693.48,417.13
693.41,418.81
692.67,420.62
691.79,420.96
691.12,421.23
690.35,422.7
689.99,422.97
689.95,423.25
690.01,424.82
689.31,425.14
689.24,426.61
689.7,426.82
689.58,426.85
688.65,426.8
688.13,425.15
688.95,424.68
689.2,422.84
689.58,420.97
689.86,419.13
690.21,417.33
690.95,416.99
691.65,416.77
692.21,416.44
692.96,415.63
692.96,415.17
693.18,415.05
693.23,415.04
693.01,415.11
692.96,415.03
693.42,414.83
694.29,414.92
695.12,414.81
695.85,414.85
694.56,413.27
694.14,412.83
694.54,412.73
694.91,413.05
694.91,413.08
694.56,413.05
694.19,412.89
694.59,412.87
695.32,412.93
695.88,412.94
695.9,412.95
695.3,412.94
695.25,412.9
695.42,412.94
695.86,412.96
695.77,412.94
694.77,413.03
694.14,412.99
694.01,413.01
694.74,412.94
694.9,412.97
694.13,412.97
693.75,412.96
693.36,412.95
693.51,412.98
693.91,412.97
693.58,412.99
693.45,412.84
693.61,412.84
694.23,412.78
694.6,412.84
694.62,412.78
694.67,412.87
694.7,412.79
694.58,412.76
693.68,412.76
692.99,412.71
692.39,411.31
692.67,410.91
693.23,410.88
693.73,411.11
693.32,411.08
693,411.07
693.62,411.04
693.99,411
693.35,411.04
692.62,411
692.29,411.11
692.7,411.07
693.2,411.04
693.16,411
692.75,410.94
692.35,410.82
692.36,410.76
691.78,409.31
690.98,408.89
691.31,408.94
691.52,409.05
691.6,409.25
690.88,410.71
689.98,411.2
689.35,411.28
689.09,411.21
688.75,411.16
688.25,411.04
689.68,410.92
690.68,410.91
689.7,410.87
689.19,410.73
689.29,409.34
689.38,408.95
688.85,408.96
688.37,409.03
688.89,409
689.91,408.94
690.37,408.97
690.35,409.05
689.95,409.16
690.09,410.65
689.7,411.1
689.25,411.04
689.34,411.34
688.77,413.04
688.24,413.28
688.46,414.95
688.23,415.46
687.13,416.96
686.45,417.38
686.26,418.92
685.65,420.62
685.01,420.64
684.27,421.06
683.13,422.85
682.35,423.16
682.55,423.14
682.88,423.08
682.58,422.8
682.19,421.03
682.48,419.31
682.9,419.21
683.59,418.99
684.63,418.82
685.92,417.19
686.04,416.53
686.38,414.92
687.18,413.16
687.88,412.98
688.05,412.71
687.92,411.3
688.5,410.42
688.9,409.22
688.82,408.94
688.99,408.87
689.36,408.88
690.09,408.83
689.63,408.78
689.54,408.82
689.98,408.74
690.71,408.75
690.85,407.37
690.14,407.02
689.74,407.01
689.68,407.1
690.68,407.06
691.16,407.09
690.87,407.11
690.66,407.11
690.27,407.1
691.04,407.08
691.94,407.15
691.49,407.23
691.24,407.11
691.26,407.12
691.33,407.2
691.19,407.21
690.94,407.25
691.22,408.65
691.46,409.25
691.8,409.36
691.32,409.27
690.62,409.06
690.6,408.94
690.97,408.96
691.81,409
692.36,408.99
691.88,409.01
691.69,409.08
691.02,409.08
690.54,409.03
690.25,409.09
690.11,409.14
689.83,409.16
689.79,409.19
689.91,409.2
689.94,410.66
690.27,411.1
690.78,411.16
690.81,410.97
690.9,410.96
690.57,410.96
689.91,410.84
689.7,410.73
689.79,410.64
690.11,410.6
688.82,409.29
688.24,408.9
688.53,408.84
689.09,408.79
689.83,408.74
690.11,408.8
689.45,408.89
689.09,408.61
688.96,407.3
688.51,407.01
687.92,407.21
688.15,407.06
688.27,407.06
688.41,406.98
688.68,406.96
688.56,406.89
688.66,406.86
688.74,406.85
688.8,406.84
688.53,406.85
687.82,406.94
688.2,406.7
688.1,405.44
688,405.2
688.24,405.2
688.58,405.09
689.14,405.06
689.67,405.02
690.1,405.07
690.95,404.95
691.23,405
691.08,405.1
691.46,405.15
691.94,405.3
691.96,406.67
691.73,406.99
691.53,408.69
689.8,409.08
688.57,411.06
688.4,411.16
688.34,412.97
687.81,413.15
687.65,414.87
686.9,414.94
686.03,415.05
686.04,414.9
686.44,414.87
686.95,414.78
686.73,414.56
687.03,413.14
688.23,412.83
688.67,411.26
688.69,410.9
689.12,410.72
689.05,409.25
689.33,408.92
689.68,408.61
689.73,407.18
690.03,406.99
690.33,406.92
690.87,406.87
691.12,406.78
691.42,406.8
692.51,406.82
693.01,406.89
693.24,407.02
693.13,407.04
693.13,407.02
693.66,407
693.93,407.09
693.44,407.13
693.32,407.24
693.65,407.19
694.2,407.27
694.48,407.23
693.57,407.16
693.48,407.12
693.72,407.19
694.14,407.27
694.63,407.28
693.67,407.24
693.19,407.2
693.31,407.24
693.81,408.74
693.78,408.98
693.12,408.9
692.98,408.91
693.12,408.79
692.93,408.73
693.02,408.63
692.89,408.71
692.72,408.61
692.79,408.54
692.82,408.07
692.82,408.38
691.49,407.33
690.65,407.26
690.62,407.11
690.98,406.93
691.28,406.76
691.18,406.9
690.91,406.68
690.76,405.32
690.75,405.25
690.78,405.34
690.02,405.19
689.25,405.03
689.33,404.93
690.02,404.98
690.92,404.93
689.82,404.82
689.32,404.68
689.11,403.48
689.05,403.41
689.18,403.42
689.31,404.69
688.87,404.74
688.87,404.73
688.84,404.63
688.87,404.5
688.25,403.11
687.89,403
687.68,402.89
687.77,401.39
688.5,401.01
688.85,401.04
688.13,400.98
688.22,400.91
688.22,400.59
688.02,399.31
688.14,399.02
688.02,398.93
688.68,398.66
689.32,398.66
689.59,397.34
689.15,397.41
688.93,398.57
689.2,398.83
689.33,399.14
688.81,399.48
687.68,401.27
686.88,403.12
686.69,405.18
685.78,407.07
684.58,409.23
683.86,411.08
683.17,412.97
681.48,415.18
680.36,417.43
679.39,420.63
681.51083,420.933213
681.28,421.35
681,422.84
680.63,423.06
679.98,422.85
679.13,420.88
677.92,417.19
677.38,414.8
677.74,412.72
678.22,411.07
679.02,409.25
680.05,408.99
681.01,407.23
682.33,406.8
682.95,406.75
683.16,406.84
683.02,405.3
684.03,405.18
685.64,405.15
686.96,405.19
687.72,405.1
688.77,405.11
689.81,405.15
690.73,405.16
690.44,405.11
689.97,405.29
690.15,405.26
690.35,405.26
690.78,405.18
690.95,405.31
691.1,405.2
691.47,405.19
692.12,405.21
692.95,405.17
692.66,405.07
692.78,405.04
693.19,404.89
694.05,404.85
694.71,404.73
694.13,404.8
693.9,404.76
693.79,403.3
693.98,403.18
694.33,403.28
694.74,404.77
695.373646,412.001805
695.52,412.12
695.92,411.99
696.27,411.88
696.84,411.94
696.26,412.01
696.2,411.9
696.31,411.86
696.57,411.73
696.87,411.82
696.23,411.87
695.73,411.83
695.06,411.79
694.42,411.8
694.27,411.76
694.04,411.67
692.35,410.21
691.55,409.78
691.61,409.78
692.14,409.87
692.89,409.91
693.59,409.85
693.65,409.87
693.72,409.86
693.31,408.18
692.77,407.83
691.75,407.81
691.14,407.9
690.97,407.69
691.15,407.71
690.72,406.07
689.77,405.82
689.56,405.52
690.52,405.48
690.84,404.28
690.86,404
690.78,403.93
690.83,403.78
690.59,402.19
689.94,401.94
689.55,401.89
689.25,402.04
689.36,402
689.54,402.02
690.08,402.05
691,402.08
691.65,402.1
691.3,402.11
690.88,402.05
690.97,401.93
691.15,401.85
691.16,401.82
691.17,401.78
691.27,401.8
691.38,401.75
691.54,402
691.85,401.68
691.39,400.25
690.43,399.91
690.13,399.73
690.33,399.73
690.87,399.85
690.94,399.84
690.76,399.85
691.1,399.79
691.26,399.86
685.976534,386.776173
684.95,387.01
684.8,387.12
686.73,388.9
687.78,389.1
687.6,390.91
687.3,391.15
687.51,392.89
688.17,394.71
687.1,395.26
686.22,396.9
685.46,397.28
685.46,398.93
685.25,400.71
684.84,402.86
683.84,403
682.98,403.16
682.51,402.99
682.84,402.92
683.15,402.64
683.24,400.96
683.67,399.01
684.14,397.33
685,396.99
685.86,396.86
686.69,395.27
687.82,395.14
688.9,395.04
689.27,395.01
689.72,394.92
689.97,394.95
690.06,395.01
690.21,394.99
690.1,395.03
690.35,395.03
691.17,395.1
692.16,395.12
692.83,395.2
693.14,395.18
693.73,395.15
694.09,395.1
694.35,394.95
694.66,394.98
694.93,394.9
695.26,394.81
696.16,394.8
696.62,393.27
696.61,393.19
695.78,393.34
695.17,393.22
695.36,393.12
695.37,393.34
695.74,393.17
695.96,393.24
695.68,393.06
695.69,393.09
695.69,393.04
695.72,393.01
695.64,393.03
695.9,393.04
694.58,393.03
693.77,393.07
693.24,393.03
693.13,393.08
693.1,393
693.04,393.01
692.65,393.09
692.01,393.08
690.82,393.06
690.09,392.96
689.29,391.29
689.93,391.07
690.23,391.18
690.67,391.23
689.31,391.28
688.27,391.18
688.26,391.07
688.88,391.01
689.3,390.88
689.73,390.82
688.23,389.18
687.53,388.95
687.67,388.9
688.18,388.97
689.1,388.84
689.7,388.94
689.03,388.92
688.79,388.92
688.17,388.75
687.83,387.32
686.98,387.05
686.45,386.96
686.98,386.89
687.43,386.86
688.34,386.84
688.93,386.85
688.98,386.74
688.14,385.14
688.14,385.09
688.19,385.05
688.13,385.2
688.02,386.95
687.95,387.39
688.37,388.7
688.36,389.28
687.44,391.13
686.99,392.9
686.11,394.85
684.87,396.66
683.94,398.6
682.96,399.08
682.38,400.77
682.24,400.8
682.04,399.38
682.31,398.9
682.79,398.75
682.79,397.22
683.1,396.98
683.06,396.93
683.1,396.88
683.58,396.71
684.24,395
684.95,394.95
685.74,394.87
686.77,394.71
687.27,393.15
688.03,392.98
688.75,393.01
688.23,393.07
688.02,393.02
688.28,392.97
689.32,392.99
690.15,393.04
690.45,393.24
690.77,393.1
690.88,393.1
691.25,392.98
692.06,393.03
692.24,393.17
692.57,393.2
693,393.11
693.19,393.02
693.43,392.97
693.49,393.17
693.74,393.14
693.99,393.09
694.2,393.15
694.6,393.01
694.81,393.14
694.79,393.12
694.92,393.08
695.09,393.02
695.28,392.9
695.08,393.01
695.01,393.04
695.05,392.99
695.05,392.83
694.8,391.23
694.82,391.14
693.34,391.15
692.33,391.11
692.49,391.08
692.65,391.1
693.15,391.02
692.89,391.12
691.72,391.04
691.04,391
690.43,390.95
690.44,390.99
691.09,391
691.8,391.02
691.14,390.95
690.84,390.96
690.88,390.9
690.68,389.31
690.71,389
690.11,389.04
690.16,388.95
690.41,388.88
690.88,387.33
690.82,387.32
690.99,388.64
691.02,388.88
691.01,388.96
690.78,388.98
690.87,390.86
690.68,391.04
690.16,393.03
689.11,394.83
688.27,396.65
687.59,396.71
687.02,396.93
685.99,396.92
685.47,396.79
685.18,395.35
685.29,394.86
685,394.64
684.97,392.77
684.76,391.07
685.23,390.86
685.38,390.89
685.71,390.77
685.94,389.01
686.34,388.84
687.45,387.17
688.24,387.05
689.33,386.9
690.36,386.7
691.04,385.27
692.34,385.14
693.48,385.31
693.72,386.66
693.95,386.8
693.7,385.3
693.82,385.15
694.09,385.12
693.85,385.19
692.93,385.24
692.11,385.3
692.19,385.18
692.81,385.08
693.57,385.01
693.79,385.08
694.03,385.04
694.14,383.26
694.58,383.07
695.05,383
695.44,383.09
696.09,382.69
696.73,381.28
697.16,380.97
697.81,380.94
696.97,380.94
696.27,380.96
696.12,379.26
696.56,379
697.6,378.93
697.99,378.94
697.83,378.82
697.54,377.35
697.34,377.07
697.66,376.94
698.17,376.69
698.35,375.16
697.22,375.1
696.44,375.08
697.02,374.96
697.25,374.89
697.74,374.88
697.55,375.01
695.74,375.06
694.71,375.03
695.53,375.02
696.17,374.98
696.87,373.34
697.86,373.12
698.74,373
698.26,372.9
698.14,371.15
698.97,371.05
700.2,371.14
701.12,371.13
701.93,372.77
702.37,373.33
702.92,373.24
702.85,374.87
702.24,375.13
701.8,375.35
701.12,375.43
700.58,376.7
700.08,375.38
700.46,374.99
701.13,373.21
702.03,372.85
701.29,371.37
701.01,371.13
701.51,370.98
702.38,370.89
703,370.95
701.99,371.12
701.68,371.06
702.91,370.97
704.18,371.01
704.59,370.87
703.95,370.98
703.75,369.25
703.71,369.09
704.83,368.97
706,368.99
705.44,368.92
705.47,368.94
706.44,368.77
707.03,367.31
707.97,367.09
707.89,367.2
707.6,367.26
707.45,367.03
708.07,367.06
709.22,367.01
709.45,367.09
709.79,367.13
710.25,367.04
711.21,367.04
712.14,366.96
713.01,366.97
712.64,367.07
713.01,367.01
713.45,366.97
714.66,367.01
715.97,367.03
715.81,367.14
715.66,367.12
716.1,367.05
716.84,366.99
717.65,366.9
718.44,366.96
719.54,366.96
719.23,367.07
719.03,367.08
719.19,367.04
719.29,366.92
719.55,366.85
719.69,366.87
719.6,366.9
720.1,366.81
720.27,366.72
720.05,365
719.63,364.98
719.16,364.82
719.26,363.32
719.57,363.22
720.05,364.89
719.82,365.07
719.77,365.3
719.98,366.69
719.69,366.97
718.49,367.01
718.04,366.91
717.41,365.29
717.47,365.15
717.15,365.11
717.06,365.13
717.26,365.07
717.33,365.01
717.43,364.82
718,364.78
717.39,364.82
716.82,364.91
716.07,363.36
716.12,363.17
716.26,363.18
715.44,363.39
714.92,363.34
715.58,364.61
716.46,364.78
716.78,364.77
716.13,364.75
715.97,364.62
715.76,363.2
715.96,363.15
716.07,363.09
715.3,363.3
715,363.16
715.16,363.21
715.36,363.25
715.99,363.28
716.75,363.2
715.37,363.32
714.73,363.32
715.71,363.22
716.43,363.21
717.24,363.12
717.79,363.18
717.02,363.32
717.04,363.28
717.65,363.31
718.44,363.11
719.02,363.15
718.45,363.18
718.09,363.14
718.57,363
719.23,363.1
720.1,363.07
720.96,363.16
720.51,363.22
719.96,363.33
720.29,363.1
720.63,363.01
721.47,362.81
721.4,361.15
721.25,360.98
721.07,361.01
721.36,360.8
722.08,360.88
722.08,360.98
721.47,361.23
721.27,362.64
721.36,362.78
720.92,362.98
720.32,363.06
720.19,362.94
720.12,361.32
720.37,361
720.66,360.92
719.08,359.31
718.37,359.02
718.9,358.73
719.3,357.17
719.89,356.94
718.79,357.12
718.3,356.96
718.55,356.82
718.86,355.21
718.97,355.26
718.57,355.36
718.06,356.62
718.02,355.36
718.02,355.32
718.13,355.12
718.01,355.08
717.63,355.25
717.24,355.23
717.42,355.18
717.75,355.12
718.56,355.02
718.63,355.04
718.01,354.98
718.2,354.81
718.36,354.97
719.01,354.93
719.6,354.81
719.57,354.64
718.58,354.79
717.79,353.3
717.65,353.14
718.73,353.17
720.1,353.37
721.04,354.6
721.53,353.34
720.8,353.25
720,353.29
719.94,353.18
720.47,353.15
721.43,353.22
721.49,353.27
721.31,354.67
720.93,353.35
721.4,353.25
722.61,353.02
724.29,352.86
725.28,352.89
724.56,353.09
724.14,353.04
724.4,353.19
725.18,353.13
725.71,353.14
725.03,353.07
724.69,353.16
724.19,353.38
724.36,353.28
725.3,354.82
725.91,354.77
724.8,355.03
724.36,354.92
724.81,354.96
725.65,354.82
726.04,354.98
725.26,354.94
725.08,354.88
725.48,354.76
726.16,354.7
726.79,354.64
725.39,353.24
724.25,353.31
723.92,353.28
725.84,354.59
727.01,354.88
726.13,354.97
725.56,354.98
725.41,354.86
725.8,354.9
726.27,354.91
726.89,354.94
726.93,354.87
726.08,354.96
725.41,354.88
725.58,354.96
726.34,355.04
727,355.11
727.13,355.05
725.69,355.15
725.41,355.01
725.79,354.99
726.41,354.9
726.91,354.94
726.71,354.96
726.24,355.16
726.17,355
726.53,354.92
727.39,354.86
727.64,353.25
726.84,352.99
726.4,352.81
727.66,352.71
727.86,351.16
727.49,351.18
726.86,351.26
726.2,351.33
726.24,351.26
725.97,352.91
725.96,352.92
726.24,353.14
726.26,353.13
725.82,353.3
725.1,354.61
724.22,353.32
724.69,353.4
725.28,353.32
725.78,354.72
725.78,354.92
726.08,355.04
726.64,355.04
727.29,355.08
727.21,355.15
727.26,355.21
727.57,355.17
728.21,355.21
728.82,355.26
728.5,355.22
727.92,356.7
727.47,356.83
728.43,356.89
729.39,356.97
730.13,356.94
730.09,356.93
729.18,356.95
728.57,356.88
728.92,356.69
729.38,356.77
729.74,355.37
729.55,356.8
728.93,356.87
728.24,355.22
728.66,355.26
729.41,355.18
729.76,355.3
728.65,355.3
728.09,355.34
727.94,355.16
728.42,355.01
728.76,355.02
727.94,355.11
727.18,353.27
726.94,352.93
727.2,351.27
726.87,351.2
727.2,352.83
726.98,353.13
727.35,354.69
727.75,354.95
726.6,354.97
725.96,355.32
725.48,355.17
725.37,355.2
725.36,355.19
724.49,355.17
724.1,355.11
724.53,355.11
725.09,355.1
725.28,355.07
723.68,355.09
722.89,355.04
723.63,354.99
724.05,354.92
724.58,354.98
724.04,355.18
723.91,355.19
724.25,355.01
724.33,354.97
724.54,355.02
725.09,355.08
724.27,355.13
723.68,355.13
723.73,355.18
724.2,354.96
724.92,354.94
725.58,354.89
725.36,355.13
724.52,355.43
724.17,355.3
724.17,355.53
724.41,355.14
725.09,355.2
725.81,355.17
725.61,355.3
724.36,355.35
723.71,356.83
723.4,355.34
723.38,355.39
724.51,356.67
725.02,356.72
725.03,355.35
724.86,355.14
724.29,355.1
724.26,355.08
724.52,354.87
724.99,354.76
724.76,353.13
724.47,353.17
723.52,353.24
723.28,353.19
723.2,352.99
723.11,353.15
723.11,353.03
723.13,353.13
722.73,353.12
721.61,353.32
721.27,353.22
721.45,353.1
721.6,353
722.17,352.87
722.56,352.94
721.25,352.79
720.45,352.72
721.31,352.68
721.74,351.31
722.4,352.74
723,352.67
722.7,351.31
722.54,351.17
720.7,351.35
720.46,352.71
720.46,351.23
721.13,351.16
722.13,351.4
722.98,352.71
722.54,352.8
721.92,351.35
721.6,351.21
722.4,351.24
723.44,351.3
723.97,351.25
723.61,351.07
723.29,350.92
723.88,350.77
725.07,350.9
725.46,350.87
725.19,350.96
724.77,351.05
724.29,351.07
724.21,351.22
724.26,351.25
724.07,352.81
723.74,352.91
723.36,352.7
723.23,351.2
723.21,351.19
723.61,351.17
723.72,352.65
723.34,352.94
723.64,352.85
724.41,352.9
725,352.88
725.85,352.94
726.45,352.81
724.85,353.01
724.26,353.05
724.7,353.22
725.54,353.13
726.26,353.33
726.94,353.17
725.84,353.32
725.3,354.74
725.38,353.29
725.87,353.19
726.56,353.17
727.05,353.17
727.85,353.01
727.17,353.06
726.83,353.03
726.33,353.1
726.78,353.09
727.85,352.89
728.56,353
727.34,352.95
726.83,352.92
726.19,351.23
726.89,351
728.12,350.91
729.07,351.08
728.84,351.38
729.14,352.93
729.04,352.97
728.65,353.2
727.17,353.3
726.38,353.17
727.09,352.96
727.24,353
726.59,352.94
725.78,352.95
725.02,351.4
724.61,351.34
725.44,351.08
725.59,351.13
725.38,351.17
725.46,351.09
726.08,351.03
727.04,350.93
726.1,351.07
725.77,351.14
725.8,351.08
726.92,351
728.08,350.97
727.57,350.92
726.78,350.94
726.53,350.68
726.35,349.29
726.84,349.16
727.27,349.34
727.65,349.44
727.88,350.87
728.14,350.77
728.74,350.83
729.53,350.76
730.08,350.83
730.19,350.82
728.66,350.93
728.28,350.72
728.3,349.19
729.17,348.82
729.99,347.25
730.19,347.35
730.59,347.08
730.84,347.21
730.8,347.16
730.51,348.7
729.78,348.9
729.25,348.7
729.15,348.74
727.86,348.89
727.14,348.82
726.79,348.62
726.86,348.72
727.22,348.71
727.84,348.94
727.4,348.95
726.36,349.11
725.93,348.98
726.45,348.87
727.36,348.83
727.73,347.33
727.82,348.83
726.56,348.87
726.28,348.84
726.01,347.4
726.35,348.67
726.5,347.36
725.78,347.38
724.85,348.71
724.17,348.84
723.35,347.27
723.54,347.2
724.32,347.12
725.09,347.09
724.82,347.09
724.47,347.4
724.32,347.26
725,347.01
725.56,346.96
725.76,346.94
724.73,347.01
724.52,346.98
724.65,347.04
725.13,347.25
725.87,348.62
724.66,348.91
723.6,349.1
723.31,348.96
723.68,348.91
724.12,348.73
723.96,347.32
723.64,347.13
722.28,347.18
721.55,347.08
721.84,347.1
722.44,347.04
723.38,346.96
723.97,346.61
724.42,346.8
722.87,346.89
722.09,346.94
722.29,346.92
722.63,346.86
722.95,345.33
723.13,345.27
723.72,346.64
723.58,346.91
723.53,347.01
723.2,347.06
723.23,347.13
723.16,347.16
723.06,347.25
723.16,347.15
723.14,347.15
722.35,347.41
721.95,347.3
721.77,347.3
722.5,347.18
723.63,346.67
724.66,345.3
724.94,345.07
723.98,345.17
723.66,345.15
723.78,345.23
724.08,346.62
723,346.86
721.85,347.11
721.75,347.14
721.78,347.16
722.15,347.3
722.01,347.4
721.61,348.87
720.79,348.95
720.35,349
720.28,349.12
720.43,349.17
720.92,349.08
719.21,349.2
718.13,349.14
718.54,348.87
719.67,348.69
720.89,348.74
720.98,347.3
720.23,348.68
719.79,348.78
719.35,347.29
719.88,347.23
720.92,347.28
721.95,347.25
721.6,348.69
720.64,347.25
720.38,347.1
721.2,347.06
722.37,346.96
722.92,346.92
723.17,346.87
721.7,346.97
721.28,346.97
721.74,347.03
722.05,345.15
722.02,345.41
721.75,346.89
722.3,348.78
722.95,348.88
721.62,349.37
720.75,351.04
720.01,351.22
719.79,352.8
719.34,352.74
718.26,351.32
717.55,350.93
718.15,350.84
718.22,349.12
718.53,348.97
718.47,348.88
717.9,348.89
717.42,347.19
718.24,346.93
718.76,345.33
718.63,345.11
717.53,345.19
717.37,345.27
717.99,345.14
718.85,345.02
719.85,345.17
720.38,345.05
720.01,345.09
718.93,345.13
718.12,345.2
718.32,345.19
718.96,345.06
719.42,345.21
720.05,345.33
720.98,345.3
721.44,345.36
721.26,346.7
720.65,346.95
720.59,346.88
721.54,346.94
722.75,347.03
723.46,347.17
723.71,348.96
724.07,349.12
724.21,349.33
724.18,350.94
723.73,351.11
723.1,351.14
723.1,351.06
723.16,350.99
722.94,349.34
721.98,349.22
720.9,349.22
721.22,349.03
721.9,348.89
722.33,348.9
723.44,348.65
723.96,347.35
724.36,348.9
724.16,348.95
724.16,348.87
724.41,348.78
725.3,348.7
725.97,348.77
725.61,349.01
724.42,349.11
724.14,349.06
725.01,349.07
725.85,349.06
726.4,349.17
724.86,349.27
724.16,349.39
724.83,349.16
725.59,349.26
726.51,349.17
727.36,349.11
727.9,350.6
728.58,350.83
728.46,351.41
728.9,352.82
727.38,353.11
726.2,353.21
726.39,354.72
726.39,354.98
726.29,354.71
725.24,353.24
723.87,353.13
723.53,352.97
723.96,352.75
724.17,351.23
724.18,351.12
724.46,350.91
724.75,350.96
724.99,350.81
724.86,349.32
725.12,349.24
725.34,349.13
725.97,349.17
726.64,349.07
725.53,349.22
724.78,349.41
724.53,349.25
724.68,349.17
725.25,350.58
725.84,350.7
725.94,350.77
725.26,350.77
724.9,350.95
724.4,350.97
724.46,351.01
724.88,351.01
725.73,351
725.88,352.65
725.4,351.29
725.18,351.54
725.72,351.27
727.71,352.81
728.42,354.95
728.09,355.12
727.7,355.14
727.15,355.02
727.05,354.96
725.72,353.26
725,352.96
724.35,351.2
724.81,350.93
725.17,350.91
725.58,350.79
725.35,350.81
723.85,350.93
722.95,351.06
723.14,350.91
723.83,350.64
724.36,349.17
725.19,349.08
724.72,349.15
724.47,349.3
724.4,349.13
724.8,349.06
725.37,348.98
725.98,348.97
726.35,349.01
726.39,348.96
724.79,349.03
723.64,349.28
722.89,349.4
723.02,349.11
723.14,349.23
723.11,349.1
723.05,349.31
721.87,349.23
720.92,349.42
720.63,349.09
721.81,349.04
723.46,348.86
724.75,347.14
725.01,348.78
724.27,349.2
723.92,352.69
722.77,354.68
721.37,354.96
720.38,354.93
719.94,354.78
719.75,353.11
719.69,352.66
718.9,351.32
718.3,351.08
718.79,350.82
719.11,349.19
719.37,349.05
720.24,348.67
719.87,347.25
719.51,348.84
719.48,348.93
719.85,348.96
720.66,348.95
721,349.1
721,349.07
719.89,349.29
719.31,349.34
719.79,349.1
720.47,348.98
721.23,348.87
721.82,348.85
721.35,348.87
720.68,349.03
720.52,348.93
720.73,348.86
721.21,348.78
721.79,348.97
721.6,348.99
721.51,349.06
721.67,349.17
722.92,349.11
723.63,350.95
722.31,351.17
721.31,353.08
721.46,354.91
721.38,354.99
721.18,356.6
719.13,355.37
717.72,355.05
717.52,353.15
718.3,352.75
718.97,351.08
719.7,350.95
719.24,350.77
718.81,350.84
718.37,349.22
719.26,349.15
720.47,348.91
721.79,348.86
721.52,347.27
720.98,347.24
721.01,347.14
721.4,347.03
722.42,346.96
723.24,346.93
723.87,347
723.82,347.02
722.81,347.18
722.21,347.23
722.71,347.22
723.23,347.15
723.69,347.24
723.86,347.39
724.3,348.95
724.85,349.22
726.03,350.92
727.1,351.14
727.51,353.26
726.38,355.28
726.05,357.09
726.02,357.08
726.09,356.93
726.04,354.97
725.26,353.15
724.04,353
723.6,352.86
723.94,352.69
724.39,351.19
725.33,351.04
726.07,350.86
725.36,350.88
724.91,349.4
725.22,349.04
726.62,348.87
727.61,347.31
728.26,347.3
728.44,347.23
727.85,348.65
727.35,348.79
727.23,347.36
727.71,347.22
728.33,347.2
729.2,347.16
729.8,347.09
729.88,346.98
728.7,347.01
728.17,346.86
728.34,346.84
728.35,346.93
728.18,347.04
729.51,346.85
730.72,347.1
730.93,347.24
731.37,348.72
732.08,350.67
730.68,352.71
729.11,353.07
728.19,354.69
727.16,353.23
726.61,352.9
725.96,349.39
724.7,349.09
724.34,348.68
724.15,347.23
724.64,347.03
725.65,346.93
726.21,345.3
725.34,345.19
724.68,345.16
724.63,345.05
725.16,344.87
725.93,343.31
726.81,343.12
727.3,342.99
727.68,342.9
726.95,342.9
725.78,343.05
725.31,343.07
725.3,343.1
725.14,343.09
725.03,343.27
725.13,343.25
724.94,343.29
724.6,343.24
723.82,343.34
722.83,345.04
722.95,345.11
723.46,345.36
723.97,349.08
723.44,350.99
722.33,351.32
721.11,352.98
719.53,354.94
717.91,355.28
717.59,356.86
717.77,356.89
718.05,355.01
717.49,353.04
715.68,351.09
715.21,350.67
715.4,348.87
715.32,347.44
716.22,346.98
717.17,346.79
717.27,345.03
716.3,345.12
716.35,345.01
717.26,344.78
717.85,343.14
717.85,343.19
717.9,343.13
717.77,343.3
717.35,344.98
717.28,344.9
717.46,344.85
718.07,345.01
718.81,345.05
718.99,345.07
718.72,345.12
718.6,345.24
717.97,346.65
718.15,347.04
719.56,347.33
720.87,350.81
718.7,351.27
717.2,353.24
717.08,354.72
717,354.84
716.73,352.98
714.57,351.32
714.09,350.9
713.96,349.28
715.01,349.12
715.97,349.18
716.71,348.97
716.63,347.35
716.25,348.74
715.96,348.68
716.02,347.32
716.14,347.16
716.74,347.12
717.25,347.23
718.16,347.22
718.72,347.25
718.85,347.1
717.36,347.31
716.14,347.27
716.15,347.15
716.51,347.18
717.12,347.21
717.61,347.21
717.67,347.24
718.48,348.78
718.55,349.28
718.99,351.08
719.39,352.74
718.27,355.16
716.6,357.1
715.19,357.38
715.47,358.68
715.24,357.11
714.81,355.12
713.51,353.13
712.64,351.21
713.93,350.7
715.01,350.93
715.37,349.3
715.69,349.09
715.51,349.02
714.44,349.01
714.28,348.82
715.06,348.72
715.89,348.7
716.63,348.73
716.84,348.57
716.96,347.22
717.06,347.25
717.15,347.25
717.27,347.35
717.13,348.73
717.14,348.94
717.44,348.73
718.07,348.71
717.86,347.38
717.94,349.01
717.84,349.17
718,350.9
717.94,351.21
719.23,353.24
720.33,355
719.28,358.67
718.46,360.93
717.43,361.2
717.12,362.78
716.91,361.11
716.53,360.92
715.27,357.17
715.19,354.94
715.27,352.85
714.94,351.38
715.22,350.86
715.26,350.8
715.45,349.01
714.97,349.17
715.06,349.03
715.68,348.67
716,347.24
716.52,347.04
717.23,347.09
718.12,346.98
718.27,347.12
717.65,347.2
717.39,347.11
717.86,347.03
718.45,346.99
719.04,347.02
719.84,347.01
719.7,347.06
718.18,347.14
717.23,347.16
716.39,347.29
717.11,349.06
718.85,350.81
720.15,352.84
721.37,354.75
721.87,357.08
722.7,359.04
721.62,361.08
720.35,363.07
718.92,363.23
718.33,363.08
717.98,360.9
716.22,357.21
714.98,355.05
715.02,353.04
715.64,352.68
716.01,350.96
716.07,349.08
716.06,349.12
715.72,349.37
716.3,349.16
717.42,349.07
718.69,348.83
719.38,347.31
719.33,347.22
719.27,347.12
719.15,347.14
718.55,348.64
717.99,348.92
717.75,348.91
718.43,348.94
719.06,349
719.83,349
720.06,349.08
719.83,349.07
719.87,349.09
719.94,349.09
718.65,349.17
718.17,349.11
718.62,349.01
720.11,349.16
721.99,350.76
723.37,353.25
723.06,355.09
723.07,358.78
722.05,360.86
719.58,363.08
717.86,363.15
717.91,363.11
718.27,361.01
719.04,358.78
718.72,355.29
717.99,353.22
716.64,353.02
715.3,353.07
715.81,352.91
716.68,352.76
717.13,351.2
718.04,350.96
719,349.38
720.11,349.06
721,349.21
722.15,348.9
722.92,348.89
723.57,348.9
723.66,348.87
722.48,348.92
721.49,349.18
720.94,349.17
720.27,349.24
720.04,349.4
720.17,350.74
719.91,350.92
719.5,351
719.12,350.85
718.94,350.76
718.28,351.41
717.95,352.98
718.22,354.72
717.91,356.68
718.54,358.72
719.44,359.22
719.52,361.2
718.46,363.12
717.26,365.21
716.15,367.15
715.46,368.83
714.79,368.83
714.16,366.96
714.45,366.66
714.96,363.13
714.9,361.14
714.89,359.1
713.79,358.8
712.69,358.64
712.11,357.09
712.39,356.88
712.43,355.18
713.01,354.86
713.27,353.27
714,353.05
