768.15343,467.918773,1143.449458,564.458484,1513.279783,646.203971,1866.781588,701.655235
767.86,468.03,1142.97,563.95,1512.6,646.03,1866.85,702.08
768.24,467.99,1143.08,564.02,1512.8,646.13,1867.17,702.25
767.97,468.02,1143,564.03,1512.11,646.23,1867.03,703.56
768.27,467.97,1143.17,563.99,1512.31,646.22,1867.24,703.87
768.75,468.03,1143.62,564.13,1513.31,647.84,1867.44,704.29
769.35,468.2,1144.6,564.23,1514.34,647.97,1868.8,704.41
769.83,468.24,1145.09,564.16,1514.9,647.98,1869.3,704.13
769.63,468.22,1145.25,564.08,1514.87,647.84,1869.56,703.95
770.23,468.07,1145.18,563.93,1514.97,646.16,1869.94,702.33
771.17,468.13,1145.82,564.02,1515.29,646.17,1870.55,702.14
772.45,468.06,1147.23,563.91,1516.85,646.07,1872.24,702.1
771.88,469.59,1147.32,565.56,1516.64,647.95,1872.06,703.78
771.35,470.15,1146.05,565.95,1515.52,648.17,1870.84,704.28
771.06,470.07,1145.46,565.99,1515.18,648.18,1870.47,704.35
770.43,470.16,1144.99,566.02,1514.38,648.31,1870.08,705.66
770.57,470.07,1145.2,566.04,1514.63,648.25,1870.94,706.05
770.67,470.15,1145.08,566.11,1514.68,649.93,1870.59,707.59
770.84,470.13,1145.12,566.11,1514.72,650.17,1870.36,708
770.76,470.31,1145.2,566.35,1515.06,651.23,1870.27,708.23
770.98,470.4,1145.6,567.68,1515.39,651.83,1871.04,708.37
770.76,471.71,1145.81,568.14,1514.95,652.19,1871.04,709.51
769.7,472.2,1144.31,568.4,1513.29,652.34,1869.43,710.02
769.16,472.08,1143.36,568.44,1512.44,652.34,1868.85,710.18
770.57,471.9,1144.4,568.3,1514.05,652.02,1870.5,709.89
771.44,472.04,1145.03,568.09,1514.65,652.1,1871.2,709.87
769.41,472.03,1144.2,568.19,1513.03,652.2,1869.72,709.9
768.53,472.01,1143.76,568.18,1512.34,652.13,1869.09,709.95
769.51,471.96,1144,568.1,1513.49,652.04,1869.9,709.73
770.27,471.98,1144.53,568.07,1514.17,652.01,1870.32,709.64
770.53,472.08,1144.97,568.1,1514.28,652.09,1870.79,709.68
769.44,472.09,1144.39,568.08,1513.26,652.01,1869.68,708.37
768.84,472.03,1143.78,567.88,1512.85,650.22,1869.32,706.47
768.59,471.88,1143.19,566.28,1512.66,648.23,1869.6,704.28
769.48,470.28,1143.74,564.67,1513.7,646.25,1870.65,702.03
771.01,468.52,1145.09,562.48,1515.12,644.26,1872.24,699.92
771.2,467.54,1145.66,560.15,1515.13,643.75,1870.8,697.89
771.25,466.08,1145.35,558.21,1514.22,641.96,1869.76,695.78
771.59,464.39,1145.13,556.3,1513.74,638.29,1869.12,692.42
772.5,462.43,1145.07,554.09,1512.91,634.48,1868.31,688.32
773.42,461.6,1145.04,552.23,1511.85,632.18,1867.61,685.86
773.02,460.44,1144.18,550.3,1509.34,630.17,1865.05,683.65
771.75,459.53,1142.57,549.73,1506.88,628.23,1862.21,681.66
771.37,458.58,1141.14,548.47,1506.37,627.76,1860.21,679.9
773.17,457.9,1142.03,546.76,1507.01,625.98,1860.78,677.82
773.79,456.98,1142.11,545.87,1506.23,624.12,1859.63,675.99
774.03,456.11,1141.97,545.53,1504.93,622.32,1857.99,674.14
773.95,455.65,1141.94,544.47,1504.18,621.95,1856.28,672.29
771.73,454.93,1139.51,543.9,1501.25,620.42,1852.82,671.74
769.92,454.14,1137.72,543.18,1499.02,619.82,1849.85,671.58
769.06,453.83,1136.53,542.14,1498.12,618.22,1847.85,670.48
770.43,453.48,1138.26,541.76,1499.66,616.37,1848.69,669.94
771.37,453.15,1139.09,541.38,1500.27,615.73,1848.42,669.45
772.07,452.99,1139.67,540.86,1499.48,614.38,1847.04,668.89
771.38,453,1138.79,540.19,1497.85,613.99,1844.8,668.31
770.56,452.67,1137.46,539.96,1495.94,612.31,1842.44,668.13
770.6,452.01,1138.17,539.95,1497.09,612.01,1842.19,668.04
771.24,451.34,1139.3,539.84,1498.18,611.7,1842.21,667.95
772.11,451.26,1140,539.87,1498.22,610.41,1841.98,667.9
772.72,451.63,1140.64,539.9,1497.77,610.05,1841.55,667.93
772.87,452.1,1140.86,539.88,1497.69,610.06,1840.86,667.82
772.92,452.69,1140.87,539.81,1498.23,609.96,1840.43,667.65
771.25,452.63,1139.06,539.8,1496.6,610,1838,666.82
770.44,452.67,1138.25,539.99,1495.87,609.96,1836.34,666.26
770.79,452.8,1138.48,540.02,1495.44,609.8,1836,666.27
771.31,452.72,1139.16,539.94,1496.09,610.03,1836.59,667.64
771.25,453.2,1139.36,539.99,1495.67,609.99,1836.41,668.33
771.42,453.84,1140.07,539.9,1496.94,609.83,1836.61,667.96
771.62,453.64,1139.72,538.39,1497.26,609.82,1836.5,666.16
771.34,452.31,1139.68,537.33,1496.64,608.1,1835.51,664.51
771.2,451.31,1140.1,536.42,1496.27,606.4,1835.08,664.06
771.25,450.34,1140.22,536.35,1496.39,605.93,1835.04,663.9
771.46,450.18,1140.73,536.35,1497.2,605.94,1835.14,664.26
772.42,450.24,1141.94,536.1,1498.9,605.9,1836,663.79
773.03,450.26,1142.84,536.13,1499.14,605.92,1836.7,663.27
770.87,450.31,1140.74,536.12,1496.3,604.08,1834.08,662.43
768.54,450.41,1138.49,536.09,1493.78,603.78,1831.36,662.09
767.6,450.3,1137.6,536.06,1493.51,602.65,1830.75,662
767.68,450.29,1137.69,536.03,1494.27,602.18,1830.64,661.83
767.88,450.33,1138.1,535.91,1494.12,602.04,1830.21,660.25
767,450.38,1136.97,535.86,1493.13,601.9,1829.45,659.81
764.09,450.25,1133.36,535.75,1489.6,601.9,1826.43,659.64
762.14,450.12,1131.82,535.6,1488.86,601.78,1824.19,658.41
761.41,450.12,1131.69,534.42,1488.73,600.29,1822.36,656.59
760.66,450.21,1131.15,533.44,1487.72,599.52,1822.06,655.79
761.57,450.18,1131.54,532.38,1487.75,598.46,1823.17,655.78
762.37,450.21,1132.24,533.41,1488.25,598.23,1824.23,656.12
761.55,450.22,1131.16,533.94,1486.83,598.25,1823.39,656.05
759.98,450.32,1129.68,534.53,1484.98,598.24,1821.78,656.15
759.29,450.31,1129.26,534.89,1486.17,599.85,1820.33,656.32
759.51,450.28,1129.86,534.93,1486.9,600,1820.97,656.06
760.31,450.17,1130.25,534.38,1487.01,599.95,1821.19,655.93
760.87,450.15,1130.35,533.75,1486.65,599.82,1821.29,655.91
758.7,450.13,1127.94,533.04,1483.25,598.13,1820.24,656.01
756.97,450.04,1125.94,532.09,1481.48,597.57,1818.45,655.96
755.78,450.04,1124.63,531.41,1481.11,597.82,1817.24,655.79
756.95,450.02,1126.28,531.59,1482.12,597.94,1816.32,653.72
757.98,450,1127.11,531.82,1483.15,597.48,1816.51,652.09
758.3,449.91,1127.55,531.77,1483.07,596.32,1816.41,650.39
755.94,449.77,1125.55,531.64,1480.15,594.33,1815.83,650.16
754.18,449.83,1123.94,531.58,1478.34,593.09,1814.85,649.99
753.9,449.84,1123.32,530.39,1478.63,592.31,1814.02,648.4
755.14,448.39,1124.64,528.72,1480.98,590.93,1814.76,646.56
756.36,447.17,1126.2,527.45,1482.38,590.41,1815.63,644.96
756.24,446.32,1126.03,526.44,1481.43,590.23,1816.17,644.09
754.84,446.19,1124.86,527.6,1480.25,590.43,1816.5,644.25
753.9,446.28,1124.06,527.98,1479.67,590.73,1815.69,645.76
754.74,446.13,1124.93,527.89,1481.35,590.91,1815.78,645.65
755.76,446.14,1126.54,527.77,1482.74,590.75,1816.77,645.7
756.92,446.12,1127.32,527.78,1483.26,591.02,1818.15,645.68
756.89,446.14,1126.22,527.74,1482.25,590.41,1818.33,644.19
756.72,446.07,1125.58,527.62,1481.51,589.95,1818.17,643.56
754.48,445.91,1123.48,526.13,1478.89,587.95,1815.79,643.14
753.98,445.78,1123.06,525.41,1478.92,586.32,1814.28,643.04
754.63,445.68,1123.64,524.91,1479.01,585.95,1815.03,642.17
755.19,445.79,1124.12,524.08,1479.34,585.91,1815.07,641.78
755.52,445.81,1124.54,523.88,1480.25,587.74,1815.04,641.95
754.15,445.81,1122.9,524.22,1479.15,588.19,1814.62,642.09
754.54,445.6,1123.88,524.04,1480.68,588.16,1814.42,641.7
754.59,444.35,1123.69,523.89,1480.87,587.8,1814.77,640.44
753.2,442.88,1122.98,523.79,1478.94,585.9,1814.82,639.08
752.33,441.57,1122.59,523.61,1478.2,583.93,1814.75,638.2
751.52,440.27,1122.97,522.9,1479.06,583.85,1815.08,638.04
751.34,439.78,1123.35,522.08,1479.85,583.78,1815.13,637.94
752.08,439.46,1124.44,521.2,1480.97,583.82,1815.67,637.86
753.27,440.04,1124.59,520.18,1480,583.91,1815.96,637.9
753.35,440.28,1122.79,519.54,1478.74,583.95,1815.55,638.04
753.68,441.17,1121.24,519.48,1478.34,583.9,1814.81,637.91
753.92,441.86,1121.73,519.26,1478.35,582.17,1814.24,637.71
753.95,442.4,1122.05,519.37,1478.39,581.79,1814.85,637.86
753.95,442.4,1122.04,519.63,1478.07,581.62,1815.25,637.75
753.1,442.42,1121.76,520.1,1477.17,581.62,1814.63,637.72
752.01,441.77,1121.6,521.09,1477.28,581.99,1813.75,637.62
751.85,440.71,1121.71,521.65,1477.72,581.86,1813.27,636.1
751.29,440.15,1121.81,521.73,1477.58,582.14,1813.13,635.98
750.82,440.28,1121.31,521.89,1476.59,582.1,1812.99,636.29
749.91,440.26,1120.57,521.84,1475.65,582.18,1812.65,636.31
749.29,440.03,1119.25,521.61,1475.08,582,1811.99,636.24
750.55,440.03,1120.55,520.17,1477.17,581.98,1812.53,636.02
751.8,439.99,1121.28,519.06,1478.43,581.98,1813.6,635.9
752.92,440,1121.87,518.09,1478.86,581.96,1815.16,636.01
751.57,439.91,1120.01,517.61,1477.46,581.92,1815.05,636.13
750.6,440.03,1119.2,518.06,1476.17,582.05,1813.46,636.16
750.37,440.04,1119.29,518.31,1476.61,582.29,1812.25,636.21
751.15,439.96,1120.27,519.53,1478.14,582.27,1813.69,636.23
752.02,440.02,1121.21,520.12,1478.9,582.01,1815.05,636.1
752.04,440.16,1121.73,520.82,1478.65,582.13,1815.52,636.28
750.18,440.09,1120.37,521.68,1476.43,582.17,1813.85,636.25
749.57,439.97,1119.27,520.27,1475.81,581.97,1812.85,636.36
749.7,439.96,1118.73,519.7,1475.92,581.98,1812.19,636.32
750.28,440,1119.35,519.68,1476.57,582.08,1812.65,637.65
750.96,439.98,1120.34,520.03,1477.04,582.02,1813.65,638.3
750.21,440.09,1120.45,520.15,1476.29,582.13,1813.84,638.53
748.6,440.12,1118.16,520.33,1474.45,582.16,1812.37,639.08
747.28,440.14,1116.38,521.29,1473.23,582.15,1811.01,639.88
746.36,440.18,1115.69,521.92,1473.73,584,1810.15,639.88
748.4,440.09,1118.46,521.7,1476.67,584.05,1811.37,638.01
749.96,440.03,1119.86,521.56,1477.16,582.33,1812.28,636.35
749.05,440,1118.68,520.19,1475.61,581.42,1812.36,635.54
748.41,440.02,1117.75,519.27,1474.54,580.09,1812.29,634.76
748.02,440.04,1117.18,518.21,1474.86,579.63,1811.64,634.09
748.49,440.11,1117.49,518.09,1475.34,579.82,1811.34,634.12
749.62,440.02,1118.77,518.2,1477,580.15,1813.16,634.2
750.85,440,1120.03,518.28,1477.67,580.29,1814.93,634.13
750.46,439.94,1120.38,518.34,1476.94,580.29,1814.99,634.09
748.5,440.05,1117.71,519.74,1474.05,580.23,1812.49,635.63
747.05,440.05,1116.24,520.85,1473.52,581.82,1810.96,636.96
746.82,440.13,1117.17,521.53,1474.26,582.28,1810.72,637.52
747.34,440.09,1118.1,521.71,1475.18,582.25,1811.97,637.63
748.17,440.1,1118.63,521.72,1475.37,582.06,1812.76,637.65
748.11,440.2,1118.51,521.82,1474.63,582.11,1812.52,637.8
746.75,440.18,1116.88,521.82,1473.51,582.28,1811.62,637.92
746.37,440.15,1116.39,521.87,1473.58,582.21,1811.03,637.9
746.84,440.06,1117.29,521.8,1475.31,583.8,1811.05,637.75
747.16,440.14,1117.76,521.86,1475.47,584.55,1811.22,637.9
745.8,440.28,1115.93,521.99,1473.27,584.22,1810.97,638.23
744.93,440.14,1114.68,521.83,1472.16,584.08,1810.93,638.71
744.97,439.98,1114.8,521.81,1473.03,584.08,1810.98,638.66
746.94,439.92,1116.89,521.68,1475.29,583.88,1811.75,638.26
748.63,439.8,1118.64,520.15,1477.5,583.94,1812.57,637.85
749.69,439.93,1118.97,519.77,1477.76,583.98,1813.54,637.51
747.92,439.98,1117.53,519.86,1475.63,584.04,1813.6,637.82
746.74,439.97,1116.12,520.16,1474.23,584.03,1813.07,638.23
746.83,439.87,1115.71,520.15,1475.61,584,1813.15,638.9
747.99,439.85,1116.79,520.03,1476.87,583.95,1813.37,638.3
749.03,439.69,1117.86,519.89,1477.53,583.86,1814.3,637.95
747.92,439.7,1116.81,520.02,1476.16,583.95,1814.31,638.17
747.12,439.65,1116.03,519.88,1475.76,583.95,1813.82,638.12
747.33,439.63,1116.28,519.82,1476.43,583.93,1813.14,637.89
747.75,438.36,1116.75,519.72,1477.3,583.83,1814.43,637.74
748.84,436.7,1118.67,518.06,1479.19,582.03,1815.69,635.63
748.54,436.1,1118.58,517.6,1478.85,580.96,1816.84,634.06
747.08,436.21,1117.27,517.66,1476.87,580.35,1816.39,633.88
746.51,436.12,1117.3,517.78,1478.07,580.08,1816.56,633.51
747.45,436.09,1118.36,517.74,1479.03,580.07,1817.41,633.35
748.91,436.05,1119.41,517.79,1480.4,580.04,1818.45,633.58
750.04,436.05,1120.43,517.7,1481.52,580.25,1819.51,633.98
749.23,436.12,1118.87,517.85,1480.38,581.73,1819.1,634.16
748.6,436.07,1117.94,517.83,1479.7,582.14,1818.57,634.36
748.06,436.05,1117.39,517.89,1479.46,582.33,1817.99,635.8
748.53,436.05,1118.56,517.89,1480.56,582.84,1818.4,636.41
748.71,436.06,1118.97,517.88,1480.86,582.83,1819.09,636.47
748.2,436.01,1118.32,517.82,1480.42,583.02,1819.6,636.37
747.88,436,1117.9,517.85,1479.75,583.46,1819.34,636.21
748.04,435.93,1117.53,517.75,1480.32,583.89,1819.2,636.1
748.2,435.98,1117.64,517.91,1480.63,584.05,1819.2,636.27
748.23,435.93,1118.28,517.88,1481.34,583.87,1819.56,636.09
747.64,435.92,1117.6,517.83,1480.12,583.89,1819.65,636.08
746.32,436.07,1116.38,517.93,1478.69,584,1819.04,636.22
745.48,436.12,1115.36,518.1,1478.57,584.13,1818.99,637.73
746.91,436.07,1116.58,518.04,1479.6,584.09,1819.55,638.2
748.8,436.03,1118.42,518,1481.52,584.16,1821.6,638.22
748.52,436.08,1118.49,518.05,1480.85,584.25,1821.39,638.09
747.63,436.12,1117.79,518.15,1480.55,585.94,1820.7,638.32
747.53,436.03,1117.2,518.21,1480.69,586.23,1820.42,639.81
748.2,436.1,1118.04,518.34,1481.63,586.26,1821.52,640.46
749.41,436.13,1119.54,519.64,1482.95,586.38,1822.32,640.65
749.36,436.17,1119.28,520.18,1482.54,587.97,1822.99,641.59
749.31,436.17,1118.95,520.45,1482.18,588.7,1822.64,642.15
749.24,436.14,1119.21,520.36,1483.35,590.04,1823.12,643.56
749.72,436.12,1119.45,520.06,1484.19,590.18,1823.54,644.06
750.87,436.11,1120.74,520.05,1485.44,590.27,1825.32,644.11
751.63,436.24,1121.61,520.23,1484.81,590.19,1826,644.15
749.93,436.26,1120.41,520.47,1484.07,591.9,1825.19,645.83
749.24,436.16,1119.87,521.7,1483.59,592.22,1824.85,647.17
749.31,436.17,1119.53,522.19,1483.67,592.29,1824.74,647.93
750.62,436.17,1121.02,522.01,1485.78,592.09,1826.46,647.76
752.09,436.2,1122.06,521.88,1486.96,592.19,1828.08,647.65
750.87,436.29,1120.79,521.97,1484.66,592.12,1826.7,647.81
750.34,436.27,1120.3,521.98,1485.01,592.15,1826.65,647.77
750.87,436.23,1121.4,521.96,1486.4,592.18,1828.19,647.66
752.16,436.09,1122.67,521.83,1487.77,591.9,1829.18,645.97
753.58,436.07,1124.07,521.77,1489.04,591.84,1830.16,645.16
753.4,436.03,1123.5,521.63,1487.17,590.16,1829.92,644.16
753.77,435.97,1123.21,521.61,1487.31,590.08,1829.96,644.04
753.99,435.96,1123.55,521.64,1489.81,591.81,1829.97,644.28
754.06,436.02,1124.1,521.76,1489.36,592.51,1830.33,645.86
754.66,435.97,1125.23,521.83,1490.32,592.29,1831.57,646.93
754.68,436.06,1125.11,521.95,1490.83,594.01,1832.55,647.99
754.64,436.05,1124.42,521.96,1490.42,594.4,1832.14,648.9
754.88,436.04,1124.24,522.04,1490.3,594.34,1832.37,649.78
755.07,436.03,1124.43,522.1,1490.43,594.3,1833.1,650.27
755.47,436.02,1125.36,522.12,1491.89,595.92,1834.38,650.49
755.4,436.08,1125.32,522.21,1491.97,597.67,1834.68,651.63
753.92,436.21,1123.7,523.64,1490.26,598.14,1833.91,653.15
753.06,436.24,1122.82,524.22,1489.79,598.17,1833.67,654
753.61,436.16,1123.78,524.19,1490.87,598.09,1835.32,654.07
754.38,436.04,1124.13,523.93,1491.56,598.11,1836.91,653.83
754.6,436.04,1124.62,523.98,1490.88,598.16,1837.14,653.97
754.98,436.02,1124.73,523.92,1491.27,598.16,1837.98,654.03
755.34,435.96,1124.93,523.88,1492.07,598.17,1838.86,654.04
756.51,435.9,1125.66,523.8,1493.78,598.02,1840.71,653.76
756.02,435.99,1125.29,523.84,1493.53,598.07,1841.22,653.72
755.61,435.95,1124.87,523.72,1493.37,597.94,1841.27,652.39
755.16,435.95,1124.32,523.67,1493.57,597.82,1841.31,651.59
755.81,435.92,1124.91,522.16,1494.51,596.09,1842.89,650.18
757.71,435.88,1127.48,521.59,1496.46,594.42,1845.27,648.23
757.71,436.11,1127.9,521.73,1496.87,595.86,1845.72,647.85
757.56,436.12,1127.25,521.9,1497.09,595.96,1846.17,647.7
757.13,436.1,1127.14,521.91,1496.8,594.28,1846.93,647.21
758.01,435.98,1128.1,521.79,1498.41,593.78,1848.46,646.06
758.46,436.41,1128.66,521.96,1498.13,594.01,1849.02,645.83
758.4,437.52,1128.61,522.01,1497.48,594.13,1848.91,645.81
757.78,438.09,1128.29,522.19,1496.85,594.26,1848.63,646.14
757.16,439.48,1127.65,523.68,1496.05,594.31,1848.12,646.04
757.74,440.03,1127.4,524.13,1497.83,595.87,1848.86,645.95
757.22,440.79,1126.85,525.37,1496.88,597.85,1848.44,647.8
756.76,441.98,1125.93,526.22,1495.98,599.83,1847.68,649.82
756.15,442.43,1125.18,527.74,1495.01,600.34,1847.4,651.94
756.28,443.61,1125.06,529.08,1494.74,601.94,1847.64,653.85
754.61,444.35,1123.81,530.11,1492.83,604.02,1846.05,656
753.38,445.75,1122.75,531.65,1491.57,605.95,1844.86,658.04
753.14,446.51,1122.25,533.38,1491.64,607.87,1844.61,659.98
753.87,447.24,1122.45,534.11,1492.03,608.06,1845.08,660.34
753.35,448.02,1121.7,534.75,1490.74,609.9,1844.05,661.88
752.96,449.58,1121.02,535.85,1490.12,611.84,1843.16,663.95
753.01,450.17,1120.44,537.51,1489.24,612.21,1843.04,665.97
753.36,450.23,1120.94,538.13,1489.64,612.33,1843.4,666.21
753.25,450.1,1120.84,538.18,1489.85,613.73,1843.57,666.42
752.89,450.09,1121.01,537.99,1489.99,614,1843.82,666.22
753.37,450.03,1121.26,537.95,1490.81,613.78,1844.93,665.94
754.24,450.09,1121.88,538.01,1491.67,613.88,1846.19,665.99
752.87,451.84,1121.35,538.17,1489.77,614.2,1844.66,666.27
751.92,452.11,1120.65,538.2,1488.6,614.08,1844.03,666.18
752.71,452.02,1120.76,538.17,1490.2,614.03,1845.13,666.07
752.93,451.97,1121.08,538.15,1490.56,614.08,1845.17,666.11
752.68,452.02,1120.96,538.25,1490.67,615.7,1845.03,666.35
753.07,451.97,1121.22,538.34,1491.15,615.92,1845.77,667.28
753.61,451.92,1121.67,539.65,1492.11,615.77,1847.23,667.73
753.3,451.98,1121.7,540.01,1491.35,615.71,1846.95,667.59
753.09,452.01,1121.8,540.01,1490.97,615.67,1846.75,667.71
753.36,452.01,1121.99,539.83,1490.97,614.31,1847.03,666.33
753.7,453.64,1121.99,540.04,1490.74,616.11,1846.74,668
753.39,453.9,1121.69,540.11,1490.55,617.73,1846.04,669.68
753,453.9,1121.07,541.82,1489.89,618.28,1845.57,671.63
753.23,453.92,1121.01,542.4,1489.67,618.38,1845.65,672.31
752.88,454.12,1120.75,543.03,1489.37,619.96,1845.53,673.78
752.32,454.13,1120.35,543.88,1488.94,621.67,1844.63,675.55
751.85,455.55,1119.73,544.5,1488.13,622.26,1843.86,676.78
750.9,456.14,1118.67,545.12,1486.93,623.8,1842.81,677.97
750.14,456.41,1117.99,546.05,1486.19,624.37,1842.12,679.74
749.84,456.23,1117.28,546.52,1486.72,625.69,1842.17,680.28
749.88,456.07,1117.32,546.71,1487.06,626.08,1842.25,680.6
750.56,456.09,1117.75,546.74,1487.39,626.02,1842.87,680.34
750.18,456.36,1117.75,547.34,1486.14,626.29,1842.14,681.86
750.13,457.53,1117.64,547.93,1486.06,627.63,1841.81,683.17
750.48,457.81,1117.79,548.22,1486.3,628.01,1841.74,683.89
750.9,457.72,1117.92,548.23,1486.7,627.97,1842.43,683.88
750.02,457.85,1117.27,548,1485.99,628,1841.83,683.88
749.49,457.71,1116.74,547.91,1485.83,627.88,1841.22,683.64
750.1,456.29,1117.02,547.72,1486.47,626.04,1842.45,681.9
751.41,455.89,1118.71,546.07,1487.46,624.16,1843.61,679.7
751.59,455.77,1119.28,545.08,1486.99,622.27,1843.16,677.73
751.2,454.29,1119.11,543.77,1486.33,620.13,1841.97,674.11
752.07,452.77,1119.27,541.83,1487.1,617.78,1841.95,670.09
753.04,451.78,1119.33,539.69,1487.21,614.22,1841.67,665.97
751.32,451.62,1117.92,537.99,1483.27,611.96,1837.91,662.32
750.07,450.29,1116.7,536.04,1481.58,609.91,1835.06,659.89
750.46,449.49,1116.49,534.18,1481.79,607.99,1834.37,657.98
751.92,448.44,1118.65,533.84,1482.96,606,1834.35,656.13
752.95,447.74,1119.87,532.57,1482.95,604.02,1833.51,654.24
751.75,447.68,1118.31,531.76,1480.05,602.26,1829.96,653.97
751.01,446.25,1117.11,530.21,1478.94,600.03,1827.42,652.34
750.57,444.97,1117.04,529.12,1479.16,598.17,1825.59,650.64
751.6,443.93,1118.46,527.85,1479.59,595.99,1825.55,648.87
752,443.15,1119.51,526.73,1479.04,594,1824.84,647.76
750.3,442.16,1117.61,526.03,1476.91,593.81,1821.47,647.48
748.76,441.87,1115.52,525.8,1475.02,593.35,1818.72,647.78
748.63,441.08,1115.69,525.25,1475.36,592.23,1818.3,647.87
748.59,440.15,1115.52,525.15,1475.02,590.85,1817.28,647.86
748.33,439.89,1115.19,524.37,1473.83,590.03,1815.9,647.69
747.89,439.96,1114.72,523.98,1472.68,588.93,1813.91,646.21
745.35,440.27,1111.95,523.99,1469.14,588.23,1810.35,645.61
745.81,440.64,1112.33,523.76,1469.95,587.95,1809.85,645.23
746.92,440.31,1113.17,522.28,1471.05,587.94,1809.58,644.12
747.68,440.01,1113.62,521.73,1471.23,587.9,1809.29,643.59
746.32,439.94,1112.54,521.33,1469.48,587.82,1808.77,643.34
745.25,440,1111.81,521.64,1467.41,586,1807.3,643.55
746.36,439.91,1112.29,522,1469.24,586.16,1807.5,643.64
747.35,439.93,1112.86,521.88,1469.55,585.99,1807.42,643.71
748.09,439.94,1113.33,521.88,1469.98,585.97,1807.15,642.24
748.4,439.97,1113.84,521.93,1470.15,585.93,1807.11,641.78
746.59,439.84,1112.44,521.73,1468.32,584.04,1806.65,641.25
747.28,439.72,1113.36,520.26,1468.96,581.91,1806.53,640.12
748.15,439.7,1114.26,519.08,1469.26,580.26,1806.75,638.47
749.3,439.63,1114.85,518.05,1469.96,579.93,1807.05,636.81
750.01,439.68,1115.7,517.44,1471.03,579.88,1807.43,635.75
748.52,439.68,1114.47,517.25,1470.26,580,1807.43,635.37
747.73,439.71,1113.82,517.54,1469.41,579.83,1806.87,634.8
746.87,439.75,1112.84,518.2,1468.29,579.94,1804.96,634.41
746.45,439.7,1112.68,518.66,1468.41,579.86,1803.23,634.2
746.53,439.72,1112.78,518.38,1468.26,579.89,1802.06,634.31
746,439.74,1112.39,518.02,1467.01,579.98,1801.29,635.8
746.02,438.29,1112.06,517.92,1466.46,578.15,1800.85,636.37
746,437.06,1112.2,518.01,1466.34,577.83,1800.37,637.43
745.8,436.3,1111.95,518.1,1465.65,577.87,1800.34,638.06
745.69,436.02,1111.82,518.13,1466.1,578.15,1800.01,637.78
745.74,436.29,1111.54,518.06,1465.68,578.18,1799.93,637.8
744.38,436.21,1110.25,518.03,1464.59,578.32,1799.4,637.91
743.49,436.08,1109.7,517.88,1464.18,578.18,1798.71,637.85
743.32,436.19,1109.72,518.01,1463.63,578.2,1797.96,637.97
743.6,436.09,1110.13,517.96,1463.41,578.02,1796.98,637.85
744.21,436.11,1110.39,517.93,1463.49,578.09,1796.26,638.05
744.51,436.04,1110.67,517.73,1464.13,578.1,1795.32,637.8
744.29,436.01,1110.09,517.83,1463.42,577.95,1794.38,637.93
743.17,436.04,1108.71,517.88,1462.71,578.12,1793.44,637.98
741.98,436.15,1107.52,518.18,1461.28,578.25,1793.05,638.34
741.95,435.96,1107.7,518.03,1461.36,578.32,1793.12,638.7
743.39,435.96,1109.78,517.78,1463.24,578.73,1793.29,637.86
743.93,436,1109.93,517.99,1463.1,579.04,1793.16,637.71
743.01,436.02,1108.46,518.01,1461.82,579.1,1793.13,638.36
742.03,436.17,1107.29,518.08,1461.28,579.9,1792.89,639.92
741.42,436.25,1106.99,518.28,1461.14,581.63,1793.18,640.85
742.03,436.29,1107.88,518.26,1462.01,582.04,1792.95,641.78
743.13,436.25,1108.67,518.09,1463.11,582.59,1793.17,641.83
743.26,436.24,1108.22,518.2,1461.98,582.55,1793.05,641.67
743.05,436.13,1108.39,518.01,1461.69,582.04,1793.29,640.29
743.08,436.08,1108.02,518.03,1462.14,581.85,1793.58,639.26
743.42,436.03,1108.83,518.02,1463.2,581.88,1795.32,638.2
744.85,436.11,1110.77,518.05,1464.47,581.79,1797.1,638.15
745.5,436.14,1110.32,518.02,1464.66,581.83,1798.53,638.16
743.16,436.16,1108.43,518.12,1462.24,581.92,1798.81,638.12
741.46,436.15,1107.26,518.12,1462.31,582.02,1798.76,638.13
741.77,436.13,1108.07,518.3,1462.51,582.12,1798.93,638.22
742.98,436.25,1108.72,518.24,1463.23,581.82,1799.21,638.28
742.49,438.04,1108.5,520.22,1461.36,582.1,1799.3,638.28
741.58,438.9,1107.56,521.82,1459.81,582.2,1799.2,637.89
741.5,439.78,1107.08,521.93,1460.05,582.23,1799.41,637.88
741.84,440.1,1107.15,521.77,1460,582.25,1802.36,635.95
742.98,440.08,1108.39,521.75,1462.27,583.91,1810.92,625.86
743.82,439.78,1108.72,521.8,1462.27,584.5,1812.92,622.05
742.9,439.82,1107.88,521.93,1460.87,584.88,1811.7,622.3
742.12,439.85,1106.97,521.85,1460.29,584.53,1812.02,622.33
742.56,439.85,1107.35,521.93,1461.03,584.28,1812.92,622.32
743.78,439.97,1109.01,521.84,1462.95,584.16,1814.62,622.23
744.37,439.97,1109.38,521.91,1463.1,584.34,1814.52,622.26
743.58,439.82,1108.09,521.82,1462.43,584,1812.83,622.09
743.16,439.8,1108.04,521.71,1462.19,583.9,1812.86,622.08
743.83,439.72,1109.17,520.12,1463.42,581.93,1813.6,621.8
744.54,439.69,1110.25,519.03,1464.39,580.16,1814.89,619.88
744.69,439.71,1110.35,518.07,1464.62,579.66,1815.4,617.98
742.65,438.28,1109.1,517.8,1463.85,579.59,1814.56,616.16
741.63,436.89,1108.24,517.6,1463.45,578.53,1814.74,614.3
740.71,436.23,1107.57,517.45,1463.47,578,1815.31,612.29
741.49,435.94,1108.76,516.78,1464.36,576.58,1816.05,611.66
741.51,436.18,1108.39,515.99,1463.56,575.76,1814.78,610.78
741.82,436.11,1108.07,515.13,1463.36,574.51,1814.64,610.11
741.9,436.08,1107.89,514.05,1463.66,573.96,1814.85,608.84
742.42,435.95,1108.5,513.52,1464.83,572.57,1815.92,608.02
743.15,435.87,1109.2,513.2,1466.1,571.45,1816.68,606.83
742.13,435.86,1108.46,513.05,1464.72,571.8,1815.75,605.98
741.46,435.74,1108.23,512.65,1465.19,571.89,1816.15,604.84
741.6,435.78,1108.34,511.95,1466.12,571.85,1816.32,604.08
743.04,435.72,1109.98,511.43,1467.47,571.79,1817.8,603.34
744.26,435.77,1111.01,511.19,1468.05,570.18,1819.33,602.69
743.13,435.82,1109.75,510.86,1465.88,568.63,1817.85,601.96
742.6,435.78,1108.98,510.87,1465.4,567.49,1817.99,600.95
742.44,435.67,1109.67,510.24,1465.66,566.14,1818.41,599.98
743.49,435.69,1110.55,509.87,1467.32,566.04,1819.86,599.11
743.69,435.82,1110.69,509.6,1467.33,566.15,1820.55,598.2
742.69,435.86,1109.48,509.62,1466.16,566.34,1819.83,597.68
741.39,435.99,1108.47,510.51,1465.15,568.11,1819.45,597.94
740.67,435.9,1107.71,511.53,1466.23,570.02,1819.54,598.23
742.06,435.83,1109.69,511.65,1467.74,570.02,1821.11,598.11
742.57,435.85,1109.6,511.59,1467.94,569.85,1820.71,598.06
740.97,435.74,1107.61,510.19,1466.38,569.94,1818.6,597.94
740.21,435.66,1106.48,509.21,1465.98,568.12,1818.45,598.1
740.55,434.28,1107.18,508.32,1466.44,566.41,1819.72,597.92
741.12,433.84,1108.1,509.6,1466.59,566.14,1820.98,597.94
741.89,433.83,1108.98,509.97,1467.09,566.33,1821.42,597.95
741.19,434.19,1108.28,510.11,1466.59,568.07,1821.11,598
740.07,434.22,1107.6,510.22,1465.76,569.74,1820.11,598.07
739.11,434.23,1106.65,510.27,1465.76,570.18,1819.84,598.3
739.38,434.25,1106.12,510.38,1466.22,570.16,1819.4,599.93
739.74,434.27,1106.25,510.31,1466.4,570.02,1819.52,601.62
739.99,434.34,1106.26,511.62,1465.7,570,1819.13,602.3
739.01,434.24,1105.59,512.23,1464.36,570.1,1817.67,602.68
737.78,434.42,1104.72,512.44,1463.18,570.2,1817.21,602.82
736.6,435.96,1103.02,513.24,1461.93,571.8,1816.38,603.04
736.7,436.7,1103.74,513.79,1462.82,572.08,1816.83,603.07
738.22,437.64,1104.72,513.63,1464.05,571.89,1817.44,603.09
738.2,438.01,1104.24,513.73,1462.93,571.95,1816.93,603.53
737.83,437.79,1103.86,513.76,1462.69,571.98,1816.52,603.96
737.89,437.58,1104.12,513.8,1462.7,572.05,1816.62,603.96
737.83,436.65,1104.06,513.78,1463.09,572.13,1816.91,604.06
737.43,436.14,1103.94,513.88,1462.72,572.14,1816.97,604.2
736.23,436.05,1102.89,513.75,1461.92,572.15,1816.02,604.15
735.34,435.9,1101.97,513.58,1462.55,572.04,1815.61,603.97
736.07,435.79,1102.42,512,1463.61,571.94,1816.38,603.85
736.82,435.66,1103.18,511.17,1464.63,571.86,1817.1,603.75
736.93,434.29,1103.6,510.06,1464.11,570.15,1817.67,601.73
736.69,433.31,1103.27,509.55,1464.77,569.71,1817.66,600.29
736.66,432.21,1103.19,509.22,1465.2,569.16,1818.49,599.25
736.93,431.99,1103.67,508.73,1465.93,568.53,1819.61,597.99
736.63,432.25,1103.86,508.15,1465.79,568.05,1820.71,596.66
735.59,432.37,1103.06,508.14,1464.8,568.1,1819.52,595.81
735.26,432.89,1102.13,508.04,1464.57,567.72,1819.47,595.86
735.41,432.51,1102.48,507.94,1464.69,566.21,1819.44,596.11
735.28,432,1102.97,507.8,1464.76,565.96,1819.73,595.75
735,431.89,1102.56,507.73,1464.37,565.87,1820.28,593.88
735.93,431.83,1102.88,506.05,1466.07,565.87,1822.02,591.89
737.06,431.82,1103.19,505.38,1466.89,565.88,1821.09,591.82
737.66,431.84,1103.33,505.39,1466.5,564.11,1821.31,591.61
737.44,431.66,1103.78,504.84,1465.9,562.39,1821,591.29
737.14,430.19,1104.16,504.01,1466.83,562,1822.5,590.78
737.08,429.03,1104.94,503.27,1467.06,560.38,1823.33,589.68
737.05,428.16,1105.19,502.8,1467.11,559.91,1823.35,589.03
737.03,427.84,1105.17,502.04,1467.49,559.92,1823.42,588.2
737.06,427.52,1104.94,501.54,1468.13,559.99,1823.45,587.45
737.01,427.18,1104.8,501.22,1468.39,559.93,1823.18,587.42
737.04,427.64,1104.87,501.35,1468.49,560,1823.37,587.33
736.48,428.06,1104.07,501.69,1467.02,560.2,1822.74,587.68
736.04,428,1103.26,501.97,1467.21,560.06,1823.02,587.98
736.32,427.67,1103.07,500.39,1468.06,559.79,1823.33,587.98
736.16,426.7,1103.26,499.83,1468.51,559.84,1823.49,587.93
736.12,426.07,1103.6,499.63,1469.35,559.82,1823.89,587.74
736.45,425.67,1104.17,499.46,1469.25,558.2,1824.99,587.78
736.9,425.58,1104.74,499.32,1469.2,557.86,1825.87,586.09
737.12,425.38,1105.06,499.47,1470.24,557.94,1827.24,584.97
737.35,424.98,1105.42,499.72,1471.47,558.11,1828.44,584.3
738.25,425.28,1106.25,499.74,1472.6,558.1,1829.51,584.24
738.97,425.56,1107.07,499.74,1473.44,558.06,1830.61,584.1
739.17,426,1107.61,499.82,1473.28,558.23,1830.81,584.15
738.72,425.93,1107.46,499.76,1472.92,558.01,1831.23,584.11
738.7,425.82,1107.14,499.63,1473.8,557.87,1831.98,584.11
738.53,425.96,1106.87,499.73,1473.29,558.17,1831.07,584.2
737.58,425.91,1105.41,498.26,1472.33,558.05,1830.67,584.1
736.99,425.82,1104.28,497.88,1471.72,558.16,1830.95,584.12
737.65,425.63,1105.34,497.91,1473.26,558.17,1832.83,584.18
738.47,425.84,1105.67,497.98,1473.92,558.06,1834.11,584.06
739.03,425.93,1105.82,497.98,1474.48,558.2,1835.21,584.21
739.37,425.99,1105.87,498.08,1474.89,560.01,1836.03,586.08
738.27,426.1,1104.88,499.9,1473.61,562.19,1835.12,590.03
738.04,426.05,1104.74,500.31,1474.49,563.86,1835.53,592.65
738.66,426.03,1105.15,500.27,1475.17,563.99,1836.5,594.12
739.79,425.96,1106.09,500.06,1476.32,563.93,1838.07,594.21
740.19,426,1106.17,500.03,1475.95,564,1838.17,594.27
739.45,426.06,1105.65,500.25,1475.74,564.22,1838.37,594.1
739.48,426.13,1106.23,501.88,1477.25,565.87,1839.83,595.71
739.58,427.62,1106.77,503.29,1477.37,566.47,1840.2,597.09
739.75,428.28,1106.4,504.19,1476.94,567.83,1839.58,598.11
739.85,428.46,1106,504.54,1477.07,568.33,1839.83,599.65
740.38,429.28,1106.83,505.38,1478.36,569.82,1841.18,601.26
741.07,429.98,1107.28,506.05,1478.51,570.36,1841.67,603.25
740.12,430.41,1106.12,506.39,1476.91,571.96,1840.06,605.14
739.56,430.47,1105.1,506.71,1476.14,572.11,1839.12,606.31
739.66,430.94,1105.39,507.59,1477.12,573.66,1839.95,607.88
740.15,431.79,1105.34,508.2,1477.21,574.35,1840.16,609.19
739.61,432.68,1105,509.62,1476.12,575.76,1839.25,610.58
739.32,433.82,1104.92,510.27,1475.44,576.12,1839.08,611.97
739.47,434.25,1105.27,510.89,1476.78,577.68,1839.42,612.85
739.98,435.39,1105.77,512.13,1476.66,579.74,1839.75,614.15
739.37,436.11,1104.99,513.73,1474.79,580.23,1838.92,616.02
738.77,437.43,1103.96,515.08,1473.97,582.05,1837.9,618.18
738.17,438.1,1103.11,516.01,1473.79,583.78,1837.05,620.11
737.77,438.58,1102.1,516.75,1472.79,584.72,1835.95,622.15
735.34,439.38,1100.31,518.06,1470.3,586.28,1833.79,624.15
733.53,440.21,1098.87,519.8,1468.66,588.26,1831.91,627.78
733.85,441.54,1097.9,521.06,1468.69,590.12,1831.15,631.05
733.99,442.43,1097.61,522.04,1468.07,592.04,1829.92,633.97
734.05,442.27,1097.9,522.46,1468.74,593.75,1829.7,636.16
734.01,442.12,1098.17,523.49,1468.53,594.12,1829.01,638.31
733.9,442.21,1098.05,524.06,1468.19,595.7,1828.35,639.8
733.91,443.89,1097.92,524.82,1467.77,596.09,1828.47,640.42
733.96,444.3,1097.97,525.94,1467.75,596.16,1828.95,640.46
733.67,444.52,1097.41,526.24,1466.91,596.11,1828.22,640.53
733.44,445.11,1097.24,526.19,1467.84,597.78,1829.26,641.07
733.79,445.83,1097.44,526.04,1467.98,597.96,1829.38,641.85
733.82,446.35,1097.84,526.17,1467.56,598.09,1829.49,642.25
734.34,446.23,1098.08,526.1,1468.03,597.96,1829.74,642.32
735.24,446.02,1098.63,526.14,1468.8,598.05,1831.06,641.98
735.71,446.03,1099.06,526.19,1468.91,598.06,1831.27,641.97
735.53,447.71,1098.6,526.39,1468.6,599.7,1830.4,642.05
734.6,448.09,1097.73,527.79,1467.47,600.1,1830.03,642.18
734.81,448.21,1097.72,529,1468.21,600.06,1830.84,643.79
734.99,447.93,1098.24,529.73,1468.24,600.08,1830.35,644.52
734.86,448.01,1098.58,530.14,1467.74,600.32,1830.16,644.95
735.27,448.03,1098.96,530.06,1468.13,600.08,1830.5,644.55
735.75,448.15,1099.01,529.98,1468.63,601.8,1830.64,644.13
734.68,448.2,1098.29,530.09,1467.04,601.8,1829.17,644.06
734.17,448.15,1097.91,529.93,1465.77,600.13,1826.87,643.88
734.99,447.94,1098.35,528.36,1465.41,598.25,1825.67,642.02
735.68,447.87,1098.87,527.31,1464.71,596.22,1824.08,640.31
735.08,446.07,1098.58,525.81,1463.76,593.97,1820.49,638.6
735.06,444.44,1098.22,523.92,1463.04,591.87,1818.39,636.6
735.41,443.06,1099.06,521.97,1462.98,589.74,1817.22,634.64
735.67,442.05,1099.15,520.18,1462.33,587.77,1815.47,632.58
735.63,441.87,1098.5,519.94,1460.73,585.99,1819.8,622.15
736.1,441.67,1098.59,519.75,1459.61,584.07,1818.75,619.95
736.25,441.7,1099.13,519.85,1459.35,583.91,1817.76,619.83
735.97,441.95,1098.43,520,1458.18,583.93,1815.97,619.45
735.8,442,1097.68,520.1,1457.01,584.03,1814.27,619.64
735.93,442.01,1097.46,520.16,1456.41,583.86,1813.2,619.98
736.33,442.03,1098.42,520.17,1456.97,583.71,1812.99,619.83
736.38,442.09,1098.51,520.13,1455.55,582.21,1811.69,619.68
735.67,441.98,1097.76,519.95,1454.71,580.28,1811.02,616.41
735.53,441.84,1098.11,518.22,1454.87,578.16,1811.57,613.98
735.08,442.05,1097.81,518.08,1454.02,578.07,1810.96,611.73
735.2,441.95,1097.97,518.07,1454.17,577.72,1810.72,610.19
737.19,441.7,1099.75,517.66,1456.27,575.87,1812.29,608.24
737.5,440.24,1100.1,516.06,1456.08,573.93,1812.18,606.17
737.93,439.71,1100.75,515.67,1456.03,572.23,1812.47,605.64
738.03,439.51,1101.07,514.35,1456.45,571.77,1812.64,604.71
738.13,439.59,1101.19,514.04,1456.87,571.58,1812.84,603.95
738.02,439.91,1100.8,513.97,1456.11,570.31,1812.19,602.92
738.03,439.96,1101.02,514.03,1455.87,570.05,1812.33,602.23
738.32,439.93,1101.58,514.04,1456.54,570.05,1812.93,601.85
739.27,439.92,1102.67,513.93,1457.31,569.83,1813.54,601.38
739.95,439.93,1103.34,513.88,1457.83,569.68,1813.69,601.24
740.11,439.93,1102.51,513.89,1457.59,569.69,1813.29,601.15
739.92,439.91,1102.53,513.88,1457.48,568.32,1813.35,600.91
739.83,439.92,1102.36,513.83,1456.79,567.93,1812.95,600.56
739.85,439.84,1102.71,513.62,1457.01,567.65,1812.94,599.97
739.28,439.84,1102.05,512.34,1456.08,566.93,1812.25,599
738.92,438.33,1102,511.74,1456.23,565.92,1812.26,597.93
738.92,438.01,1102.33,511.83,1456.38,565.71,1812.43,597.23
738.73,438.03,1101.93,511.96,1456.09,565.71,1812.3,596.07
739.19,438.09,1102.42,511.85,1457.08,565.63,1812.98,595.25
739.6,438,1102,510.16,1456.2,564.11,1812.37,594.1
740.01,437.94,1102.85,509.59,1456.66,562.74,1812.82,593.49
740.42,437.82,1103.7,509.29,1457.95,561.62,1813.85,592.8
740.99,437.81,1104.18,508.7,1457.63,560.27,1814.26,591.97
739.57,437.85,1102.02,508.17,1455.32,560.17,1812.17,591.13
738.12,437.83,1100.21,508.07,1453.58,560.09,1810.88,590.2
737.24,436.33,1100.51,507.92,1454.07,560.05,1810.91,589.92
736.6,435.51,1100.57,507.8,1454.35,559.91,1810.77,590.08
736.44,435.67,1100.38,507.89,1453.47,560.05,1810.36,590.18
735.96,436.03,1099.28,507.92,1452.41,560.13,1809.14,590.24
734.86,436.01,1097.17,507.88,1450.45,560.16,1807.17,590.26
734.74,435.99,1097.81,507.85,1451.26,559.9,1807.95,590.07
734.89,436.03,1098.27,507.78,1452.16,559.79,1808.1,590
735.03,435.97,1098.11,507.62,1451.94,559.6,1807.49,589.77
734.93,436.01,1097.47,506.35,1451.28,558.24,1807.16,589.76
733.6,435.9,1095.61,505.71,1449.24,557.62,1805.37,587.93
733,435.82,1095.27,504.53,1449.1,555.99,1805.4,585.92
732.37,435.86,1095.21,504.09,1449.01,555.73,1805.88,584.22
732.46,435.92,1095.1,504.41,1448.85,555.97,1805.92,584.13
732.26,435.85,1094.96,504.74,1448.72,555.94,1805.46,584.12
731.01,435.98,1093.03,505.38,1446.62,555.94,1803.41,584.06
730,436.01,1092.33,505.83,1446.33,555.9,1803.18,583.94
729.93,435.93,1092.56,505.7,1446.87,555.73,1803.16,583.89
730.3,435.89,1093.03,504.3,1446.74,554.18,1803.38,583.68
730.6,435.94,1092.44,503.91,1446.18,553.79,1803.23,582.33
730.39,435.85,1091.93,503.86,1445.98,553.12,1802.9,581
730.09,435.82,1092.15,503.97,1446.2,552.23,1803.77,580.13
730.08,435.64,1092.32,503.78,1446.14,551.88,1803.54,579.33
729.79,434.41,1092.07,503.72,1445.97,551.92,1803.33,579.34
728.73,433.57,1090.94,502.14,1445.03,551.89,1802.3,579.1
728.08,432.91,1090.64,501.76,1445.66,551.72,1802.21,578.82
727.41,432.15,1090.65,501.7,1445.59,550.14,1802.48,578.64
727.34,431.97,1090.97,501.95,1445.66,550.06,1802.78,578.04
727.1,432.17,1090.47,501.92,1444.72,550.15,1802.03,578.05
725.81,432.16,1088.57,501.92,1442.17,550.15,1799.94,578.08
725.11,432.15,1088.15,501.96,1442.03,550.1,1800.23,578.15
724.64,432.09,1088.34,501.98,1442.92,551.79,1800.52,578.32
724.41,432.05,1088.05,502,1442.5,552.2,1799.7,579.77
723.71,432.18,1086.37,502.1,1440.39,552.38,1797.78,581.08
722.72,432.23,1085.02,502.13,1439.25,553.83,1796.73,582.13
722.21,432.18,1085.04,502.19,1439.55,554.16,1796.92,583.05
721.8,433.82,1084.27,503.91,1438.51,555.72,1796.01,584.11
721.15,434.22,1083.47,504.32,1437.81,556.14,1794.97,584.96
720.6,434.14,1082.14,504.18,1436.28,556.21,1793.59,586.04
720.12,433.78,1081.51,504.01,1435.83,556.1,1793.12,586.78
720.01,433.75,1081.6,503.98,1435.77,556.09,1792.83,587.74
720.22,433.64,1081.7,503.91,1436.3,555.93,1793.43,586
718.91,432.22,1080.47,503.72,1435.31,555.92,1792.54,585
718.24,431.25,1080.66,502,1435.57,554.35,1792.92,584.04
717.46,430.26,1081.38,501.84,1436.38,553.95,1793.92,583.45
717.47,430.11,1081.92,501.85,1436.87,553.97,1794.57,583.21
719.17,431.72,1082.05,501.97,1437.07,554.08,1794.78,583.32
719.59,432.21,1081.39,502,1436.32,554.02,1793.69,583.12
719.27,432.39,1080.77,502.03,1435.9,554.07,1793.55,583.46
718.79,432.22,1080.58,502.02,1435.88,553.92,1793.16,583.85
718.61,431.9,1080.99,501.93,1437.14,553.72,1793.82,583.68
717.93,431.81,1080.62,501.76,1435.51,552.2,1793.36,582.16
717.33,431.86,1080.15,501.83,1435.05,552.14,1793.33,581.21
717.38,431.89,1080.22,501.88,1435.25,552.21,1793.9,580.23
717.19,431.91,1080,501.96,1435.09,552.33,1793.85,580.09
716.78,431.93,1079.19,501.91,1434.88,553.68,1793.02,580.2
716.16,431.95,1078.81,501.95,1434.92,554.14,1792.79,581.68
716.27,431.94,1079,502.03,1435.57,554.05,1793.19,582.51
716.14,431.88,1079.18,501.93,1435.8,553.87,1793.27,582.19
715.72,431.79,1078.19,501.9,1434.73,553.83,1792.08,581.75
715.04,431.71,1077.1,500.38,1434.02,553.66,1791.67,580.72
714.68,431.79,1076.78,500.16,1434.14,553.81,1792.06,580.14
714.45,431.81,1076.72,500.3,1434.13,553.82,1792.27,579.8
714.21,431.76,1076.85,500.24,1434.02,553.78,1792.26,579.81
714.27,431.78,1076.9,500.25,1434.11,553.78,1792.34,580.12
713.64,431.89,1076.09,500.31,1433.63,553.86,1791.85,580.07
711.12,432.05,1073.77,501.78,1430.98,554.09,1789.36,580.17
710.32,431.91,1073.42,501.97,1431.13,553.96,1789.49,580.11
711.06,431.79,1073.81,501.72,1431.67,553.95,1789.92,580.08
711.03,431.83,1073.66,501.77,1431.39,554.11,1789.8,580.12
710.75,431.72,1072.94,501.76,1430.65,554.09,1789,580.16
710.45,431.73,1071.97,501.74,1429.96,554.15,1788.77,580.28
709.92,431.69,1071.55,501.9,1429.89,554.32,1788.72,581.82
709.17,430.32,1071.61,501.86,1430,554.36,1788.82,582.88
708.24,429.8,1071.35,501.73,1429.49,554.29,1787.95,583.7
707.95,429.54,1071.07,500.2,1429.64,554.12,1788.21,583.72
709.09,429.43,1071.94,499.91,1431.19,554.07,1789.85,582.41
710.24,429.32,1073.05,499.86,1432.29,554.04,1791.06,581.17
710.78,429.28,1073.6,499.95,1432.96,554.02,1791.57,580.15
710.38,429.26,1072.76,499.97,1432.56,554.1,1791.26,579.7
709.97,428.43,1072.74,499.79,1433.19,553.96,1791.98,579.71
710.26,428.03,1073.56,499.83,1434.36,553.96,1793.16,580.04
710.54,427.95,1074.05,498.3,1435.44,553.83,1793.98,579.93
710.71,427.94,1073.52,497.92,1434.7,553.81,1793.23,579.91
710.75,427.91,1073.16,497.9,1434.7,553.78,1793.38,579.92
710.96,427.82,1073.34,497.9,1435.33,553.7,1793.86,579.88
711.02,427.86,1073.44,497.99,1435.73,553.93,1794.7,579.97
711.36,427.85,1074.31,498.05,1436.52,553.98,1795.69,580
711.73,427.86,1074.64,498.03,1436.14,554.11,1795.45,580.06
711.83,427.83,1074.56,498.07,1435.92,554.13,1795.44,580.18
711.87,427.86,1074.48,498.11,1435.72,554.27,1795.3,581.7
712.08,427.81,1074.09,498.08,1436.4,555.8,1795.64,583.16
711.86,427.86,1073.89,498.3,1435.8,556.38,1795.05,584.6
711.86,427.77,1073.85,498.32,1435.17,556.36,1794.52,585.76
711.51,428.03,1073.61,499.93,1434.95,557.96,1794.31,586.39
711.27,427.9,1073.71,500.21,1435.53,558.13,1795.08,586.46
712.06,427.85,1074.86,500.16,1436.95,558.18,1796.61,586.51
712.94,427.87,1075.57,499.97,1437.31,558.14,1796.96,586.53
714,427.83,1076.13,499.97,1438.33,558.08,1797.91,586.57
714.92,427.92,1077.21,499.98,1439.34,558.15,1799.19,586.9
715.75,427.95,1077.89,500.05,1439.88,558.32,1800.02,587.14
716.6,427.92,1078.48,500.05,1440.84,559.72,1800.87,587.21
716,427.92,1078.18,500.12,1440.45,560.04,1800.52,587.55
715.79,427.84,1077.93,500.07,1440.48,560.01,1800.75,588.07
716.24,427.7,1078.62,500.08,1441.74,559.99,1802.05,588.82
717.06,426.38,1079.61,499.99,1443.09,559.99,1803.17,589.73
717.74,425.89,1080.64,500.01,1443.75,560.03,1803.8,590.02
717.83,425.82,1080.49,499.99,1443.81,560.08,1803.95,589.78
717.84,425.96,1080.37,499.98,1443.61,560.07,1803.99,589.85
718.1,425.92,1080.56,499.95,1444.19,560.17,1804.76,590.04
718.76,425.91,1081.78,500.03,1445.92,561.78,1806.48,590.26
719.3,425.82,1082.58,500.01,1446.5,562,1807.17,590.23
719.45,425.96,1081.39,500.13,1444.98,562.1,1805.74,591.9
718.81,425.99,1080.77,500.26,1445.01,563.75,1805.32,593.13
718.27,425.94,1080.43,500.29,1445.2,564.23,1805.92,594.11
718.81,425.9,1080.83,500.2,1445.91,564.29,1806.59,595.02
718.9,425.91,1080.85,500.27,1445.04,564.33,1805.83,595.86
718.27,425.94,1079.99,501.6,1444.15,565.83,1804.93,596.71
717.27,426.07,1078.97,502.33,1443.42,567.34,1804.04,598.01
716.79,425.9,1079.3,502.24,1444.2,568.03,1804.68,599.17
717.13,425.85,1079.35,502.04,1444.76,568.07,1805.08,599.92
717.28,424.33,1079.51,501.96,1445.15,567.79,1805.54,600.09
717.44,423.77,1080.31,501.84,1445.96,567.8,1806.4,599.84
718.3,423.48,1081.04,501.75,1446.84,567.81,1807.12,599.85
718.79,423.68,1081.12,501.82,1446.94,567.9,1807.94,600
718.99,423.76,1080.98,501.64,1447.43,567.91,1808.77,599.99
719.9,422.17,1082.16,500.19,1450.01,567.77,1811.31,599.9
721.09,421.62,1083.21,499.71,1450.92,566.32,1812.85,599.75
721.55,421.58,1083.34,499.44,1451.04,566.04,1813.08,599.77
721.48,421.62,1083.32,499.57,1451.01,566.1,1813.82,599.83
721.98,421.86,1083.47,499.85,1451.92,566.13,1815.05,599.92
722.26,421.82,1084.21,499.79,1453.28,566.09,1816.37,599.88
722.82,421.89,1084.74,499.76,1453.76,566,1817.3,599.79
722.03,421.96,1084.11,499.89,1452.75,566.12,1816.55,599.91
721.88,422.19,1083.78,500.14,1453.17,567.82,1817.24,600.31
722.23,422.29,1083.91,500.17,1454.26,568.06,1818.24,601.32
722.6,423.79,1084.25,500.42,1454.64,568.5,1818.99,602.12
722.58,424.36,1084.29,501.73,1454.21,569.5,1818.01,603.11
722.76,425.67,1083.81,502.96,1453.95,570.01,1818.1,604.07
723.02,426.27,1083.57,503.87,1454.2,570.18,1818.68,605.11
722.75,427.2,1083.24,504.46,1453.95,571.64,1818.72,606.06
722.36,427.87,1083.1,504.8,1453.53,572.08,1818.22,607.25
722.28,428.66,1083.17,505.77,1453.83,573.61,1818.27,609.68
722.52,428.57,1083.56,506.37,1454.14,573.92,1818.1,611.77
722.31,429.63,1083.35,507.62,1453.28,575.82,1817.29,613.7
721.52,430.21,1082.43,508.9,1452.12,576.45,1816.67,615.74
721.04,431.47,1082.02,510.05,1451.84,577.98,1816.08,617.65
720.98,432.67,1081.92,511.13,1451.88,579.73,1815.51,619.77
720.07,433.94,1081.19,512.11,1450.68,581.78,1814.86,621.7
719.16,434.64,1080.57,513.35,1450.05,582.22,1814.47,622
720.25,435.24,1080.43,514.39,1450.92,583.72,1815.76,623.16
720.61,435.9,1080.17,515,1450.49,584.37,1815.36,624.05
720.34,436.43,1080.2,515.91,1450.28,585.72,1814.91,625.13
719.87,436.44,1080.13,516.52,1450.08,586.12,1815.16,626.08
719.02,437.4,1079.64,517.63,1449.49,588.08,1814.67,627.97
718.99,438.02,1079.25,518.89,1449.55,589.85,1814.57,630.08
719.86,438.83,1079.7,519.96,1450.48,591.64,1815,632.08
720.98,439.64,1080.63,520.17,1451.01,591.75,1815.09,633.85
721.35,439.65,1080.71,520.2,1450.44,591.84,1813.65,635.9
721.64,439.71,1080.98,520.02,1450.59,591.88,1812.61,637.88
721.8,439.87,1080.98,520.16,1450.85,592.03,1812.07,639.81
721.28,439.86,1080.85,520.22,1450.89,592.16,1811.77,640.17
720.6,439.89,1080.54,520.1,1450.55,591.88,1810.85,640.14
720.42,439.78,1080.39,520.05,1450.61,590.21,1816.3,631.83
721.07,439.65,1081.03,519.81,1451.46,589.74,1817.47,628.14
722.12,437.9,1082.26,518.13,1452.33,587.76,1818.02,625.89
722.83,436.95,1082.82,516.44,1451.95,585.77,1817,623.45
723.44,436.24,1083.66,515.68,1451.29,584.02,1815.96,621.27
723.86,436.34,1083.84,515.64,1450.7,582.32,1814.87,619.58
723.93,436.31,1083.93,515.44,1450.46,581.85,1813.79,617.85
723.65,436.38,1083.81,514.59,1449.19,580.32,1812.14,615.8
723.5,436.2,1084.19,514.04,1448.66,578.34,1811.28,613.68
723.97,436.09,1084.63,513.73,1448.3,576.32,1810.63,611.67
724.73,436.11,1085.34,512.76,1448.67,575.86,1810.33,608.19
724.86,436.14,1085.59,512.2,1447.65,574.25,1809.18,605.25
725.08,436.09,1085.91,512.1,1447.82,573.67,1808.79,602.33
724.86,436.23,1085.75,512.1,1446.94,572.25,1807.44,602
724.97,436.24,1086.04,512.05,1446.63,571.73,1806.69,600.86
724.94,436.17,1085.95,511.89,1446.05,570.05,1805.84,599.83
724.39,436.12,1085.59,511.74,1444.8,568.28,1804.5,598.15
724.09,435.94,1085.1,510.03,1444.1,566.35,1803.82,596.29
724.09,435.95,1085.11,509.89,1443.23,566.02,1803.46,594.28
723.37,436.02,1083.83,509.96,1441.74,565.96,1801.59,594.08
721.72,435.96,1082.36,510.07,1439.85,566.02,1799.59,593.97
721.29,435.84,1082.22,510.01,1440.31,565.92,1799.26,594.11
722.02,435.84,1082.85,510.01,1440.18,565.89,1799.26,594.1
722.44,435.69,1082.91,509.85,1439.86,565.71,1798.79,594.01
721.67,435.81,1080.83,509.8,1437.03,564.28,1796.39,593.97
720.51,435.76,1079.09,509.69,1435.42,563.93,1794.34,593.84
719.43,435.75,1079.16,509.84,1435.56,564.02,1794.4,593.9
720.6,435.67,1080.1,509.72,1436.73,563.83,1795.19,593.71
720.99,435.72,1080.72,509.75,1437.06,563.66,1795.74,592.22
719.61,434.21,1079.34,507.95,1435.5,561.98,1794.48,590.48
718.97,433.73,1079.03,507.57,1434.52,560.41,1794.35,589.22
718.78,433.47,1079.4,506.42,1434.77,559.84,1794.77,588.08
719.82,433.66,1080.4,505.98,1436.21,559.74,1795.59,587.47
720.82,433.97,1080.79,505.96,1436.18,559.79,1795.35,587.23
719.7,433.99,1079.61,506.07,1434.66,559.74,1793.83,586.9
719.07,433.93,1079.19,505.99,1434.28,558.28,1793.3,586.65
719.03,433.99,1079.59,506.02,1434.68,558.07,1794.05,586.05
720.09,433.98,1080.38,506.02,1435.68,558.04,1794.88,586
721.19,433.99,1081.29,505.99,1436.91,558.01,1795.56,585.85
721.17,433.89,1080.34,504.31,1435.87,557.77,1794.54,584.1
720.77,433.8,1080.14,503.89,1435.22,556.26,1794.52,583.04
720.15,432.32,1080.18,503.78,1435.36,554.88,1794.73,582
720.25,431.8,1080.76,503.92,1435.57,554.15,1795.08,581.2
720.38,431.78,1081.33,503.93,1436.21,553.8,1795.74,580.14
719.92,432.02,1080.54,503.8,1435.37,553.83,1794.83,579.51
719.92,431.93,1080.29,502.25,1435.32,553.81,1794.39,579.26
720.25,431.98,1080.62,502.03,1435.86,553.7,1794.82,579.25
720.82,431.94,1081.53,502.08,1436.43,553.71,1795.37,579.07
722,431.93,1082.6,502,1437.28,552.4,1796.38,578.97
722.58,431.82,1081.94,501.9,1436.3,551.72,1795.59,578.3
721.76,431.69,1081.26,501.75,1435.5,550.88,1794.81,577.89
721.1,430.41,1081.5,501.73,1435.67,550.24,1795.25,577.08
720.73,429.61,1081.9,500.31,1436.15,550.12,1795.82,576.22
722.32,429.49,1083.06,499.84,1437.91,550.01,1797.18,575.71
722.76,429.39,1082.69,499.92,1437.05,550.05,1796.94,575.64
722.77,428.94,1082.94,500,1437.32,549.97,1796.92,575.71
723.06,428.89,1083.03,500,1437.63,549.95,1796.99,576.12
723.19,428.48,1083.29,499.97,1438.17,549.95,1797.33,576.1
723.14,428.1,1083.67,499.95,1438.52,549.95,1797.49,576.06
722.72,428.02,1082.94,499.92,1437.8,549.84,1796.42,576.01
722.14,428.01,1082.28,499.82,1437.33,549.77,1796.15,575.96
722.24,428.02,1082.52,499.79,1437.43,549.75,1796.29,575.96
722.29,428.07,1083.08,499.85,1437.4,549.82,1796.67,576.02
722.71,428.05,1083.87,499.92,1438.25,549.77,1797.33,575.98
722.9,428.09,1083.44,499.94,1437.86,549.81,1796.94,576.02
722.72,428.06,1082.86,499.94,1437.19,550.01,1796.16,576.02
722.81,428.12,1082.79,500.08,1437,550.06,1796.92,576.3
722.76,428.23,1082.98,500.42,1437.01,551.84,1796.8,577.77
722.9,428.33,1083.18,501.84,1437.28,552.45,1797.02,579.46
722.47,428.43,1082.66,502.35,1436.73,553.8,1796.1,581.31
721.72,429.3,1081.73,502.43,1435.94,554.3,1794.88,582.41
721.33,429.97,1081.49,503.24,1435.58,554.33,1794.69,583.75
721.39,430.5,1081.98,503.99,1435.41,554.21,1795.1,584.2
721.88,430.39,1082.56,503.99,1436.62,554.13,1795.83,584.15
721.52,430.04,1081.26,503.82,1435.32,554.18,1794.38,583.75
720.41,430.04,1080.08,503.7,1434.26,554.21,1793.41,582.81
719.68,429.9,1080.23,503.54,1434.37,554.09,1793.9,582.1
720.98,429.73,1080.94,502.12,1435.28,553.99,1795,581.38
722.28,429.79,1081.81,501.98,1436.41,554.03,1796.09,581.55
722.79,429.89,1082.16,502.25,1436.06,554.11,1795.67,582.11
722.3,429.81,1081.31,502.19,1435.61,554.12,1794.92,582.91
721.91,429.73,1081.02,502.19,1435.13,554.08,1794.83,583.83
722.23,429.74,1081.31,502.21,1436.7,555.75,1795.53,584.34
722.17,428.37,1081.93,502.09,1437.87,556.09,1796.17,584.28
721.97,427.81,1081.56,502,1437.27,556.09,1796.01,583.87
721.98,427.58,1081.34,501.94,1437.23,555.67,1796.11,583.81
721.9,427,1081.34,501.8,1437.2,554.26,1796.08,583.59
721.82,426.06,1081.27,500.28,1437.13,552.84,1796.54,582.07
721.79,425.81,1081.31,499.8,1437.21,552.09,1796.95,580.34
721.41,425.8,1080.99,499.65,1437.34,551.92,1797.01,578.7
720.73,425.99,1080.67,499.2,1437.27,551.95,1796.99,577.56
720.35,425.88,1080.49,498.38,1437.84,551.96,1797.69,576.27
720.36,425.83,1080.37,498.03,1437.99,551.74,1797.82,575.7
720.59,425.75,1080.75,497.96,1438.22,550.26,1798.29,575.38
720.37,424.32,1080.64,497.78,1438.3,549.87,1798.39,575.11
719.71,423.91,1080.46,497.81,1438.12,549.82,1798.45,575.09
719.13,423.84,1080.07,497.76,1438.22,549.94,1798.72,575.01
719.16,423.97,1080,496.25,1438.6,549.88,1798.82,574.76
719.21,423.89,1079.95,495.8,1438.81,549.85,1798.92,574.58
718.99,423.78,1079.39,495.46,1437.96,548.25,1799.03,573.91
718.74,423.71,1078.71,495.4,1437.12,548.05,1798.73,573.15
718.57,423.77,1078.05,495.65,1436.9,548.34,1798.68,573.88
717.81,423.79,1077.33,495.97,1437.11,549.91,1798.62,574.37
717.29,423.67,1077.24,495.96,1437.18,550.2,1798.72,575.19
716.97,422.17,1077.2,495.83,1437.39,549.92,1798.49,575.75
716.77,421.84,1077.13,495.76,1437.95,549.93,1799.09,575.56
716.66,421.76,1076.8,494.38,1437.91,549.9,1798.69,575.64
716.6,421.97,1076.54,493.96,1437.73,549.9,1798.64,574.4
716.03,421.82,1075.63,493.56,1436.43,548.25,1798.02,573.06
715.84,421.7,1075.24,492.55,1436.7,547.8,1798.53,571.94
715.97,421.62,1075.48,492.12,1437.39,547.63,1799.25,571.12
715.51,420.27,1075.76,492.08,1437.37,547.46,1799.55,570.14
715.04,419.78,1075.95,492.03,1437.39,546.54,1800.02,569.7
714.69,419.86,1075.31,492.07,1436.9,546.39,1799.73,569.74
714.24,419.94,1075.22,492.01,1437.2,546.25,1800.12,570.13
714.39,419.82,1075.49,491.85,1437.94,546.12,1800.93,570.06
714.42,419.87,1076,491.91,1438.5,546.1,1801.53,570.01
714.01,419.96,1075.4,491.99,1437.86,546.29,1801.52,570.09
714,419.97,1074.76,491.98,1437.52,546.27,1801.48,570.09
713.85,419.9,1074.22,491.83,1437.31,546.16,1801.05,570.07
713.87,419.86,1074.21,491.77,1437.34,546.16,1801.3,570.06
713.62,419.82,1073.81,491.64,1437.32,546.11,1800.93,570.02
711.97,419.91,1072.12,491.77,1435.77,546.16,1799.66,570
711.13,419.91,1071.44,491.77,1435.55,546.24,1799.6,570
711.82,419.81,1072.35,490.31,1436.93,546.11,1800.82,569.97
712.5,419.67,1073.14,489.92,1438.01,546.06,1801.79,569.88
712.84,419.84,1073.28,490.07,1438.04,546.37,1801.78,570.02
713.1,419.76,1073.69,490.08,1438.71,546.59,1802.7,570.04
713.27,419.8,1073.83,490.14,1439.55,547.58,1803.43,570.06
713.39,419.64,1073.91,490.03,1440.05,547.78,1803.83,569.97
713.72,419.71,1073.7,489.97,1440.14,547.69,1804.2,569.95
713.75,418.17,1074.07,489.85,1440.44,546.19,1805.19,569.78
713.97,417.99,1074.4,489.95,1441.12,546.33,1806.44,569.96
714.2,417.97,1075,489.85,1441.74,546.23,1807.59,570.01
713.97,418.05,1074.8,489.97,1441.94,547.94,1807.9,570.17
714.12,417.96,1074.69,489.91,1442.13,548.02,1808.34,570.22
714.15,418.02,1074.85,489.98,1442.74,548.11,1809.18,571.62
714.38,418.04,1075.09,490.05,1443.82,549.75,1810.51,572.97
714.58,418.26,1074.71,490.3,1443.85,551.61,1811,574.21
714.84,418.33,1074.33,491.69,1443.89,552.09,1811.59,575.77
715.32,419.85,1074.83,492.67,1444.92,553.78,1812.8,577.8
716.38,421.34,1075.41,494.09,1445.94,555.92,1814.18,580.28
716.45,422.4,1075.62,495.51,1445.56,557.83,1813.6,583.08
716.69,423.62,1075.13,496.23,1445.04,558.05,1813.04,585.74
716.82,423.97,1075.11,497.42,1445.41,559.64,1813.68,587.66
716.8,424.52,1075.17,498.44,1445.81,561.73,1814.28,589.86
715.82,425.15,1074.62,499.47,1444.92,562.37,1813.95,591.86
715.03,425.85,1073.97,500.36,1444.35,563.75,1813.37,593.76
714.34,426.47,1073.55,501.59,1444.68,565.59,1813.14,595.8
713.7,427.53,1072.55,502.99,1443.12,567.63,1812.19,597.86
712.96,428.07,1071.89,504.09,1442.4,568.33,1811.42,599.98
712.43,429.54,1071.28,505.91,1442.55,571.67,1811.49,602.12
711.71,431.37,1070.74,507.93,1440.88,572.31,1810.53,604.15
711.05,432.4,1069.9,509.68,1440.39,573.95,1809.85,606.1
711.12,433.94,1069.2,510.87,1440.22,576.1,1809.63,608.34
710.85,435.62,1068.38,512.13,1439.45,578.18,1808.8,611.87
710.72,436.4,1068.01,513.38,1438.9,580.06,1807.69,614.96
710.27,437.54,1067.68,515.21,1437.87,582.16,1806.86,618.07
709.58,439.07,1066.77,516.76,1436.88,584.15,1805.81,620.82
709.02,439.24,1066.01,517.98,1436.56,585.93,1804.83,623.69
708,439.13,1065.22,519.15,1436.71,587.85,1804.35,626.16
708.26,440.88,1064.93,520.04,1436.96,589.89,1804.31,628.21
707.7,441.25,1064.92,521.61,1435.95,591.85,1803.55,630.04
706.99,441.42,1064.79,522.55,1434.89,592.13,1802.76,631.93
706.34,441.34,1064.81,523.81,1434.21,592.36,1802.08,632.33
706.06,441.31,1064.69,524.11,1433.52,592.38,1801.29,632.5
706.11,441.19,1063.7,522.24,1433.26,591.99,1800.84,630.38
706.13,441.05,1063.13,521.47,1432.91,590.28,1799.86,628.31
706.32,440.69,1062.75,520.2,1432.42,588.24,1799.01,625.9
707.49,437.29,1064.36,517.98,1433.6,585.77,1799.43,622.03
708.22,435.13,1065.94,515.77,1433.8,582.06,1799.51,617.76
709.18,434.81,1066.66,513.96,1433.79,579.71,1799.34,613.89
709.83,433.61,1067.34,512.2,1433.58,577.84,1798.92,610.14
710.68,433.09,1067.76,511.85,1433.25,575.96,1798.43,607.84
710.63,432.73,1067.66,511.18,1432.64,574.02,1796.88,605.79
710.85,432.86,1067.86,511.17,1431.51,572.11,1795.67,604.13
711.13,432.88,1068.09,510.47,1430.97,570.15,1794.69,602.13
711.22,432.81,1068.34,510.05,1430.17,568.34,1794.21,600.36
711.1,432.93,1068.86,510.02,1429.72,568.18,1793.14,599.88
711.37,433.02,1069.09,510.06,1430.28,568.13,1792.87,599.38
711.56,433.04,1069.27,509.95,1430.45,567.97,1792.03,599.07
711.34,433.02,1068.19,510,1429.03,567.83,1790.62,598.85
710.56,432.97,1067.14,509.93,1427.46,566.21,1789.03,597.38
710.46,433.04,1067.89,510.01,1427.61,565.91,1789.35,596.65
710.59,433.03,1068.44,509.92,1427.46,564.52,1789.57,596.27
711.07,433,1068.69,509.7,1426.92,563.94,1788.64,595.42
710.86,432.97,1067.65,508.18,1425.82,563.61,1787.46,594.88
710.9,432.98,1067.3,507.98,1425.33,563.08,1787.12,594.49
711.11,432.85,1067.55,507.87,1425.33,562.04,1786.91,593.49
711.5,432.95,1068.45,507.93,1425.92,561.89,1787.74,593.19
711.55,432.95,1068.1,507.89,1425.34,561.87,1786.34,592.94
711.18,433,1067.31,507.87,1424.58,561.82,1785.25,592.9
710.51,433,1066.81,507.86,1423.96,561.77,1784.61,592.9
710.22,433.05,1067,507.83,1424.1,561.74,1785.11,592.86
710.31,432.99,1067.27,507.74,1423.93,560.28,1784.98,592.78
710.3,432.92,1067.12,506.26,1423.67,559.76,1784.78,591.06
710.3,432.98,1066.99,506.17,1423.28,559.66,1784.77,590.54
710.28,432.98,1067.01,506.22,1423.3,559.59,1784.57,590.42
710.33,433.03,1067.15,506.39,1422.95,558.61,1784.73,590.35
710.24,432.97,1067.17,506.67,1422.79,558.13,1784.53,590.03
710.12,433.02,1066.87,506.23,1422.45,558.1,1783.78,589.76
710.19,433.03,1066.92,506.18,1422.35,558,1784.01,589.08
710.11,433.09,1066.97,506.26,1422.17,558.1,1783.98,588.76
710,433.1,1067.04,506.26,1422.38,558.08,1784.12,588.78
709.76,433.06,1066.66,506.05,1422.25,557.9,1783.26,588.81
709.69,433.1,1066.03,506.02,1421.96,557.83,1782.68,588.67
709.77,433.06,1066.05,505.84,1422.12,557.76,1783.18,587.2
709.99,433,1066.51,505.72,1422.18,556.09,1783.53,586.09
709.84,432.96,1066.53,505.59,1421.96,555.47,1783.36,585.02
709.03,432.9,1065.31,504.16,1420.77,554.34,1782.2,584.08
708.35,432.87,1065.43,503.98,1420.99,553.95,1783.21,583.21
709.39,432.71,1065.85,503.75,1421.91,553.39,1783.64,582.57
709.96,432.83,1065.97,503.69,1422.08,553.66,1783.55,582.65
708.79,432.71,1064.37,503.64,1420.01,552.25,1781.4,582.72
707.78,432.73,1063.4,502.34,1419.3,551.89,1780.7,581.01
707.07,432.65,1063.02,501.91,1418.35,550.46,1780.22,579.97
706.12,431.29,1062.86,501.78,1418.23,550,1780.3,578.95
704.97,430.77,1062.54,501.83,1417.48,549.81,1779.25,577.97
703.89,430.72,1060.88,501.57,1416.49,549.54,1777.82,576.91
703.1,431.08,1060.22,501.36,1415.69,548.59,1777.43,576.08
702.39,430.93,1059.42,500.17,1415.16,547.95,1777.09,575
701.91,430.92,1058.56,499.8,1414.11,546.6,1776,573.95
700.68,430.87,1057.28,499.63,1412.83,546.08,1774.66,573.04
700.06,430.87,1056.95,499.59,1412.74,545.87,1774.67,572.61
699.36,430.82,1056.45,499.76,1412.61,546,1774.14,572.32
699.19,430.89,1056.17,499.67,1412.15,545.85,1773.78,572.05
698.72,430.84,1055.13,498.32,1411.56,545.79,1772.73,571.46
698.09,430.92,1054.35,497.91,1411.09,545.69,1772.65,570.98
697.85,430.92,1054.25,498,1410.96,545.77,1772.49,570.62
697.81,430.93,1053.99,498.19,1410.77,545.88,1772.36,570.8
697.5,430.89,1053.55,498.38,1410.05,545.94,1772.07,571.27
696.81,430.74,1052.85,498.41,1409.4,545.93,1771.64,572.32
696.03,430.75,1052.18,498.43,1408.88,546.27,1771.43,573.19
695.36,430.68,1052,499.57,1408.87,547.57,1771.16,574.25
695.14,430.87,1051.69,499.98,1408.8,548.33,1770.94,575.15
694.35,430.94,1050.34,500.61,1407.47,549.82,1769.52,576.58
693.77,430.97,1049.3,501.31,1406.58,550.28,1768.88,578.24
692.87,431.07,1048.52,502.02,1406.06,551.61,1768.05,579.52
691.93,431.1,1048.15,502.31,1405.51,552.15,1767.54,580.77
691.25,430.99,1048.01,502.38,1405.26,552.15,1767.56,581.07
690.96,430.92,1047.15,502.28,1404.6,551.95,1766.56,581.06
690.96,430.93,1046.55,502.01,1404.32,551.93,1766.52,580.86
690.81,430.94,1046.3,502.03,1404.27,551.96,1766.33,580.8
690.5,430.97,1045.96,502.05,1404.02,552.04,1766.34,580.87
690.1,430.85,1045.89,501.88,1404.44,551.83,1767.07,579.29
690.23,430.94,1046.33,501.92,1405.18,552.03,1768.01,578.7
690.51,430.83,1046.99,501.82,1406.02,551.92,1768.71,578.42
690.89,430.94,1047.21,501.92,1406.08,552.03,1768.83,578.62
690.37,430.97,1046.19,501.85,1405.3,552.09,1768.08,578.96
689.79,430.93,1045.68,501.78,1405.08,552.07,1768.02,578.91
689.19,430.79,1045.78,501.64,1405.26,551.92,1768.23,578.94
689.24,430.63,1045.67,500.23,1405.71,551.72,1768.23,578.78
689.35,429.16,1046.2,499.6,1406.29,550.22,1768.84,578.63
689.13,428.34,1046.4,499.16,1406.66,549.9,1769.67,577.12
689.18,427.2,1046.68,498.2,1407.03,549.31,1770.3,575.62
689.14,426.98,1046.78,497.73,1406.99,548.5,1770.59,574.53
689.16,427.06,1046.74,497.53,1407.1,548.16,1771.08,573.38
688.97,427.06,1045.85,497.72,1406.63,548.23,1770.43,574.6
688.87,427.05,1045.18,497.87,1406.27,548.37,1770.17,575
688.92,427.08,1045.66,497.84,1407.56,549.69,1770.82,575.43
689.05,427,1046.12,497.71,1408.17,549.68,1771.18,575.21
688.9,426.98,1045.96,497.7,1408.04,549.69,1771.03,574.87
688.47,426.97,1044.88,496.32,1407.23,549.69,1770.23,574.86
688.23,426.76,1044.33,495.65,1407.14,548.08,1770.3,574.76
688.07,425.36,1044.6,495.52,1407.57,547.61,1771.11,573.01
688.34,424.81,1045.44,495.42,1408.53,547.59,1772.49,571.93
688.78,424.96,1045.73,495.26,1408.48,547.68,1772.68,571.19
688.78,425.12,1045.51,495.31,1408.42,547.96,1772.53,571.08
688.89,425.1,1045.09,495.34,1408.4,547.98,1772.77,571.43
688.83,425.14,1045.19,495.63,1408.37,548.3,1773.14,572.98
688.58,425.15,1044.81,496,1408.13,549.64,1772.36,574.23
687.87,425.14,1044.66,496.07,1407.97,550.18,1771.97,575.52
687.73,425.06,1044.63,495.98,1408.74,550.13,1772.87,575.32
688.54,425.04,1045.15,495.91,1409.42,549.99,1773.83,574.96
689.09,425.1,1045.85,495.96,1409.59,550,1773.98,575.02
689.68,425.04,1045.51,495.85,1409.48,549.92,1773.61,574.91
689.88,425.07,1045.37,495.86,1409.85,550.01,1774.43,575.05
690.08,424.98,1046.35,495.78,1411.03,549.97,1775.46,574.96
690.23,424.99,1047,495.79,1411.77,549.99,1776.04,574.91
690.29,424.92,1047.43,495.79,1412.05,549.94,1776.16,574.79
690.28,424.88,1047.34,495.67,1411.96,549.85,1776.22,574.79
691.48,424.85,1047.44,494.31,1413.07,549.75,1777.21,574.73
692.26,424.85,1048.2,493.89,1414.12,549.76,1778.21,574.62
693.09,424.81,1048.92,493.94,1414.83,549.68,1779.17,574.62
693.66,424.86,1048.98,494.02,1414.75,549.72,1779.51,573.19
693.89,424.85,1049.03,493.98,1415.34,549.71,1780.19,572.34
693.83,424.86,1049.19,494.01,1415.97,549.81,1781.06,572.81
694.04,424.88,1049.62,494.06,1416.99,549.89,1782.21,573.09
694.04,424.93,1050.11,494.27,1417.2,550.14,1782.91,573.26
694.05,424.9,1050.58,494.35,1417.1,550.21,1783.18,573.32
694.08,424.95,1050.68,495.71,1417.69,551.68,1783.47,574.91
694.22,425.02,1050.91,496.39,1417.9,552.58,1783.86,576.59
694.43,425.12,1051.03,497.24,1418.31,553.93,1784.11,578.26
695.14,425.19,1051.43,497.85,1419.22,554.3,1784.85,579.18
695.94,425.26,1051.98,498.09,1419.92,555.53,1785.32,579.81
697.07,426.45,1052.46,498.01,1421.1,556.05,1786.53,580.91
698,426.93,1053.19,498.11,1421.75,556.86,1787.76,581.94
698.95,427.03,1054.02,498.15,1422.86,557.78,1788.71,582.89
698.38,427.01,1054.06,499.71,1422.84,558.68,1789.36,583.86
697.97,427.03,1053.66,500.48,1422.79,559.99,1789.51,585.07
698.4,427.03,1053.83,500.92,1423.94,561.35,1790.9,586.84
699.4,426.95,1054.5,501.19,1425.09,562.1,1792.04,588.6
700.64,426.95,1055.69,501.86,1426.11,563.7,1793.84,590.7
702.11,426.97,1057.03,502.01,1427.42,564.3,1795.39,592.91
703.96,427,1058.54,502.1,1429.21,565.7,1797.3,594.91
705.69,427.11,1060.07,503.63,1430.95,567.79,1799.03,596.96
706.24,427.87,1061.29,504.7,1431.77,569.85,1800.2,599.07
706.19,428.8,1061.02,506.04,1431.23,571.84,1799.93,601.23
705.82,430.65,1060.8,507.85,1430.9,574.12,1799.77,604.99
705.89,431.55,1060.69,509.92,1430.85,575.97,1799.66,608.21
705.81,432.74,1060.58,511.68,1430.81,577.79,1799.11,610.87
705.7,432.72,1060.07,511.89,1430.69,578.02,1798.78,612.88
705.79,433.02,1060.36,512.25,1430.91,580.08,1799.56,615.03
705.96,433.03,1060.32,513.64,1430.98,581.99,1799.9,616.99
705.71,434.4,1060.09,515.7,1430.23,584.16,1799.67,619.37
705.86,435,1060.02,517.54,1430.15,585.89,1799.08,622.14
705.79,436.12,1059.76,518.18,1429.93,587.89,1798.56,624.9
705.7,437.11,1059.44,519.47,1429.77,589.84,1798.28,627.33
705.82,437.55,1058.95,520.07,1429.3,590.17,1798.37,629.22
705.46,437.7,1058.31,520.69,1429.09,591.62,1797.92,630.69
704.75,438.08,1058.16,521.38,1428.53,592.16,1797.87,631.36
703.64,438.44,1057.63,522.09,1427.56,593.72,1797.06,632.39
702.82,439.06,1056.72,522.58,1427.29,593.84,1796.29,632.96
702.36,440.03,1056.08,522.9,1426.86,593.85,1795.73,633.44
702.27,440.95,1055.44,523.6,1426.07,593.95,1794.87,633.69
701.79,441.25,1054.92,523.89,1424.93,593.87,1793.66,633.31
701.15,440.95,1054.2,522.34,1424.58,593.66,1792.45,632.68
701.24,440.86,1054.22,521.8,1424.44,592.01,1791.78,631.05
701.25,440.74,1054.06,521.18,1423.61,590.2,1791.23,629.15
701.06,439.08,1053.78,520.09,1422.78,588.03,1790.84,625.33
700.78,437.43,1053.49,518.04,1422.27,585.73,1789.77,621.18
701.18,435.8,1053.76,515.86,1422.13,582.15,1789.69,616.89
701.4,434.64,1054.25,513.81,1422.06,579.57,1788.82,612.87
701.56,433.23,1054.39,512.1,1420.39,576.45,1787.27,609.1
701.86,432.72,1054.71,510.17,1419.73,573.87,1786.09,605.28
702.04,432.16,1054.79,509.7,1418.99,571.65,1784.79,602.72
702.18,431.37,1054.98,508.15,1418.44,568.61,1783.79,600.09
701.9,431.07,1054.42,507.47,1417.02,566.26,1781.82,597.11
702.24,430.78,1054.01,505.97,1416.15,564.12,1780.65,594.69
702.08,429.52,1054.1,505.02,1415.58,562.22,1779.73,592.74
702.06,428.76,1054.02,503.94,1414.95,560.15,1778.59,590.91
701.88,428.49,1053.54,503.19,1413.7,558.25,1776.97,588.96
702.14,428.06,1053.58,502.12,1413.77,557.72,1776.98,587.07
702.11,428.34,1053.95,502.07,1413.56,557.34,1776.56,585.4
702.26,428.35,1054.11,502.04,1413.03,556.07,1776.04,584.88
702.45,428.39,1054.33,502.05,1412.96,555.26,1775.77,584.57
702.85,428.06,1054.57,501.79,1412.09,553.85,1774.65,583.51
703.41,428.33,1055.21,501.8,1412.68,552.44,1775.34,582.94
704.32,428.15,1055.73,500.31,1413.02,551.81,1775.44,581.55
705.07,428.01,1055.84,499.9,1412.78,550.85,1775.36,580.52
704.71,427.76,1054.96,499.66,1411.45,550.03,1774.13,579.16
704.4,427.89,1054.13,499.45,1410.27,549.84,1773.06,578.96
703.96,427.45,1053.84,498.33,1410.72,549.66,1772.8,578.94
704.3,426.89,1054.8,497.82,1411.15,547.95,1773.27,577.14
704.24,425.77,1055.01,497.26,1411.22,546.22,1773.23,575.33
703.49,425.04,1053.23,496.09,1409.31,544.32,1771.59,573.35
703.15,424.63,1052.92,495.38,1409.46,543.79,1772,571.16
703.42,424.27,1053.55,494.39,1409.54,542.61,1772.28,570.6
704.18,423.85,1054.21,493.9,1410.21,541.97,1772.51,569.73
705.09,423.09,1055.12,493.56,1410.87,540.69,1773.25,568.87
705.25,422.85,1054.8,493.25,1410.45,540.12,1772.92,567.85
705.3,423.02,1054.6,492.79,1410.27,539.82,1772.75,567.04
704.9,422.97,1054.14,492.23,1410.15,539.67,1772.47,566.67
704.93,422.96,1054.24,492.04,1409.83,538.61,1772.41,566.52
704.79,422.94,1053.98,492.03,1409.43,538.19,1771.85,566.4
704.48,422.95,1053.74,492.11,1408.64,538.11,1771.16,566.23
703.93,423.06,1053.94,492.41,1408.42,538.26,1771.61,566.64
703.68,422.99,1054.42,492.45,1409.19,538.16,1772.1,566.88
703.87,423,1054.7,492.28,1409.46,538.19,1772.1,566.83
704.3,422.99,1054.66,492.09,1409.29,538.11,1771.96,566.8
704.45,423.06,1053.61,491.86,1408.7,538.02,1771.58,565.27
704.68,423,1053.69,491.78,1408.68,537.87,1771.69,564.71
704.89,423.01,1054.13,491.85,1409.58,537.89,1772.26,564.65
704.94,422.99,1054.51,491.79,1410.03,537.85,1772.58,564.51
704.89,422.96,1054.58,491.71,1409.77,537.83,1772.22,564.36
704.72,422.95,1054.34,491.7,1409.53,537.84,1771.79,564.31
705.03,422.93,1054.17,491.63,1409.73,537.77,1771.98,564.46
705.03,422.9,1054.2,490.43,1409.9,537.76,1772.13,564.95
705.01,422.88,1054.07,490.04,1409.83,537.77,1772.18,564.92
704.65,422.81,1053.62,490.07,1409.04,537.67,1770.87,564.87
703.92,422.75,1053.27,490.08,1408.63,536.34,1770.97,564.86
703.08,421.33,1053.39,489.92,1408.33,535.99,1770.93,564.8
702.28,420.61,1053.09,489.85,1408.52,535.87,1770.92,563.2
701.49,420.24,1052.8,489.79,1408.3,535.97,1770.28,562.48
701.26,420.17,1052.18,489.72,1407.68,535.9,1769.59,562.3
701.46,420.27,1052.43,489.76,1408.08,535.87,1770.26,562.39
702.07,420.16,1052.53,488.37,1408.23,535.7,1770.19,561.81
702.72,420.03,1052.51,487.9,1408.16,534.23,1770.41,561.01
702.62,419.73,1052.31,487.78,1407.81,533.88,1770.46,560.41
701.83,418.97,1051.65,487.67,1407.09,533.39,1769.66,559.8
701.05,418.08,1051.59,486.27,1407.05,532.43,1770.16,559.06
700.13,417.35,1051.71,486.2,1407.36,532.35,1771.04,558.84
699.28,417.3,1052.32,487.65,1408.21,533.79,1771.16,559.21
700.47,418.86,1052.11,488.04,1407.68,534.34,1770.51,560.74
700.83,419.41,1051.28,488.31,1406.9,535.47,1769.53,562.05
700.87,419.41,1051.12,488.07,1407.09,535.85,1769.25,562.88
701.16,419.28,1051.49,488,1408.04,535.82,1769.99,563.12
701.44,418.89,1052.3,487.88,1409.1,535.89,1770.95,562.91
701.86,418.92,1051.83,487.82,1408.75,535.83,1770.46,562.88
701.75,418.96,1051.44,487.91,1408.51,535.93,1770.33,562.94
701.74,418.94,1051.03,487.89,1408.36,535.93,1770.54,562.86
701.53,418.89,1050.85,487.84,1408.28,535.94,1770.69,562.87
700.99,418.81,1050.94,487.82,1408.66,535.93,1771.06,562.85
701.05,418.59,1050.95,487.6,1408.87,535.98,1771.37,562.73
700.49,417.69,1050.5,487.24,1408.75,536.02,1771.75,562.88
700.07,417.08,1050.14,486.57,1409.05,536.08,1772.37,562.98
700.06,416.73,1050.08,486.15,1409.44,536.08,1772.74,562.89
700.04,416.7,1050.04,486.24,1409.76,536.23,1773.19,563.03
700.04,416.96,1049.92,486.21,1410.28,537.69,1773.62,563
700.3,416.91,1050.08,486.13,1411.03,538.07,1774.5,563.01
700.93,416.93,1050.23,486.07,1411.56,538.05,1775.13,563.01
700.87,416.95,1050.31,486.09,1411.62,537.99,1775.67,563.07
700.63,416.95,1049.97,486.13,1411.31,538.08,1775.61,563.09
700.36,416.8,1050.41,486.12,1411.9,538.07,1776.54,563.14
700.42,416.62,1050.98,486.08,1412.64,538.08,1777.12,563.08
700.41,415.34,1051.17,485.92,1413.4,538.07,1778.04,563.08
700.36,414.41,1051.24,485.67,1414.26,537.96,1778.31,562.94
700.07,413.1,1051.09,484.2,1414.68,537.81,1778.51,562.89
700.15,412.78,1051.08,483.67,1414.97,537.86,1779.15,562.88
700.33,412.64,1051.32,483.55,1415.66,537.79,1780.18,562.84
700.17,412.66,1051.32,483.65,1415.57,538.06,1780.6,562.93
700.06,412.9,1050.6,483.92,1415.01,538.11,1780.4,562.99
700.39,412.79,1050.55,483.9,1416.11,538.26,1782.08,563.13
701.25,412.88,1050.88,483.96,1417.29,539.92,1783.3,564.81
701.81,413,1051.25,484.07,1418.09,541.69,1784.34,566.34
701.34,413.09,1051.32,485.3,1418.23,543.38,1784.48,568.25
701.18,413.02,1051.19,485.77,1418.91,543.95,1785.41,569.42
702,413.19,1051.81,486.23,1420.61,545.71,1787.76,571.14
703.15,414.66,1052.49,487.55,1421.39,547.48,1788.84,573.1
702.72,415.38,1051.62,488.41,1420.05,548.17,1787.93,575.05
702.13,416.06,1051,489.37,1419.63,549.68,1787.6,576.94
701.81,416.87,1050.49,490.03,1419.44,550.31,1787.71,578.89
700.77,418.07,1050.05,491.7,1418.84,552.05,1787.36,580.82
699.9,418.99,1049.66,493.54,1418.14,554,1786.66,582.81
699.44,420.08,1049.17,494.26,1418.19,555.75,1786.48,584.76
699.41,420.9,1049.1,494.97,1418.01,556.21,1787.12,585.3
699.23,421.8,1048.88,495.94,1417.54,557.38,1786.44,586.53
698.85,423.68,1048.72,497.29,1416.42,558.31,1785.87,588.31
698.96,424.31,1049.11,498.67,1416.34,559.64,1786.06,589.94
699,425.75,1048.97,499.27,1415.9,560.51,1786.08,592.01
698.26,427.66,1047.81,500.82,1414.58,563.62,1784.86,594.29
697.51,428.19,1046.98,501.46,1413.48,564.17,1783.88,596.44
696.89,428.5,1046.3,502.74,1413.69,565.75,1783.58,598.41
695.97,429.59,1045.92,503.67,1413.14,566.63,1782.92,600
695.24,430.06,1045.13,504.91,1412.64,568.1,1781.94,601.97
694.81,430.37,1044.66,505.37,1412.28,569.8,1781.45,603.76
694.86,431.77,1044.47,506.36,1411.99,570.32,1781.5,604.29
694.74,432.37,1044.03,507.06,1411.49,571.92,1780.76,605.36
694.93,433.72,1044.03,508.54,1410.94,572.39,1780.31,606.06
695.02,434,1044.13,509.23,1411.24,573.7,1780.37,606.61
694.51,433.94,1043.71,509.27,1410.79,573.92,1779.87,606.51
693.6,433.97,1042.47,508.99,1409.43,573.72,1777.95,606.33
693.36,433.72,1041.33,507.34,1408.38,571.73,1776.92,604.21
693.57,432.2,1041.8,505.94,1408.44,569.75,1776.33,602.16
693.88,430.26,1041.82,503.3,1407.46,566.08,1775.42,597.81
693.88,428.21,1041.48,501.07,1405.96,562.38,1774.04,593.87
694.08,426.39,1041.24,499.12,1405.43,559.86,1773.26,590.02
695.25,426.02,1041.71,497.18,1405.2,556.46,1773.05,586.19
695.84,425.66,1042.37,496.77,1404.8,554.03,1772.22,583.73
696.2,424.96,1042.94,496.14,1404.03,551.85,1770.96,581.31
696.94,424.23,1043.9,495.93,1403.97,550.06,1770.28,579.72
697.81,424.29,1044.8,495.26,1404.02,548.13,1769.87,577.99
698.03,423.98,1044.37,494.87,1402.75,547.68,1768.48,576.08
