242.271792,371.641443
241.99,371.91
241.97,371.81
241.99,371.78
242.02,371.77
242.03,371.76
242.06,371.76
242.07,371.74
242.07,371.69
242.06,371.64
242.04,371.57
242.03,371.49
242.07,371.15
242.08,371.02
242.08,371.03
242.12,371.11
242.14,371.14
242.21,371.15
242.26,371.16
242.27,371.17
242.26,371.15
242.3,371.09
242.33,370.89
242.4,370.88
242.48,370.88
242.63,370.86
242.63,370.86
242.65,370.8
242.67,370.71
242.68,370.68
242.66,370.64
242.67,370.44
242.67,369.96
242.65,369.87
242.62,369.6
242.6,369.27
242.49,369.19
242.32,369.16
242.42,368.93
242.48,368.85
242.67,368.73
242.8,368.53
242.86,368.07
242.86,367.79
243.04,367.28
243.14,367.2
243.17,367.13
243.21,367.04
243.28,366.87
243.54,366.63
243.78,366.13
243.89,365.93
244.01,365.65
244.28,365.24
244.91,365.09
245.31,364.91
245.93,364.9
246.53,365.02
247.15,365.24
247.77,365.34
248.06,365.16
248.43,365.03
248.99,365.02
249.61,365
249.94,364.98
249.95,364.99
249.98,365.01
250.05,364.99
250.07,364.98
250.04,364.97
250.01,365.08
249.95,365.18
249.79,365.34
249.36,365.33
248.66,365.3
248,365.29
247.55,365.04
247.49,364.87
247.44,364.83
247.41,364.81
247.39,364.73
247.53,364.47
247.86,364.14
248.06,363.92
258.334746,271.247982
250.303269,267.232244
244.948951,269.909403
251.641849,267.232244
248.96469,268.570823
249.01,268.73
251.641849,269.909403
251.98,269.9
251.87,269.74
251.82,269.62
251.79,269.25
251.71,269.02
251.6,268.9
251.57,268.8
251.46,268.77
251.45,268.75
251.36,268.59
251.35,268.56
251.34,268.27
251.27,268.12
251.27,268.05
251.22,267.94
251.1,267.79
251,267.73
250.94,267.7
250.93,267.68
250.91,267.45
250.89,267.14
250.87,267.11
250.83,267.09
250.76,266.88
250.76,266.77
250.74,266.73
250.71,266.7
250.68,266.68
250.65,266.55
250.56,266.16
250.5,266.11
250.38,266.09
250.38,266.04
250.37,265.97
250.31,265.8
250.26,265.74
250.22,265.75
250.16,265.71
250.11,265.55
250.09,265.05
250.06,265
249.94,264.93
249.93,264.93
249.93,264.92
249.94,264.88
249.94,264.84
249.93,264.77
249.93,264.73
249.88,264.62
249.82,264.32
249.75,264.06
249.7,264.04
249.66,264
249.61,263.89
249.58,263.78
249.53,263.41
249.36,263.08
249.34,263.05
249.34,263.04
249.28,263
249.22,262.73
249.2,262.65
249.18,262.35
249.11,262.32
249.05,262.21
248.95,262.04
248.95,262.04
248.98,261.99
249,261.97
249.02,261.94
249.04,261.85
249.02,261.6
249.02,261.35
249.03,261.35
249.03,261.4
249.02,261.37
249,261.32
248.96,261.26
248.96,261.25
248.96,261.18
248.95,261.11
248.95,261.02
248.94,260.88
248.94,260.8
248.93,260.45
248.88,260.08
248.78,259.97
248.72,259.93
248.65,259.88
248.63,259.8
248.61,259.77
248.57,259.66
248.51,259.42
248.39,259.2
248.37,259.19
248.29,259.13
248.28,259.14
248.3,259.14
248.34,259.17
248.35,259.15
248.35,259.11
248.3,258.93
248.28,258.82
248.26,258.71
248.25,258.67
248.17,258.5
248.13,258.21
248.13,258.21
248.1,258.17
248.09,258.11
248.06,258.07
247.98,257.99
247.98,257.93
247.96,257.89
247.95,257.84
247.92,257.71
247.9,257.42
247.9,257.24
247.89,257.18
247.88,257.15
247.83,257.02
247.8,256.92
247.81,256.87
247.81,256.8
247.8,256.81
247.8,256.79
247.8,256.75
247.75,256.42
247.71,256.02
247.58,255.85
247.58,255.85
247.47,255.78
247.45,255.33
247.42,255.1
247.38,255.02
247.34,254.79
247.36,254.68
247.38,254.29
247.37,254.18
247.37,254.17
247.35,254.15
247.34,254.01
247.33,253.93
247.31,253.93
247.28,253.93
247.23,253.94
247.21,253.93
247.21,253.88
247.21,253.68
247.13,253.54
247.09,253.23
246.96,253
246.95,252.96
246.92,252.8
246.91,252.82
246.91,252.88
246.89,252.88
246.77,252.65
246.72,252.49
246.72,252.26
246.68,252.13
246.55,251.94
246.37,251.64
246.4,251.43
246.38,251.45
246.36,251.46
246.35,251.46
246.37,251.42
246.39,251.28
246.36,251.26
246.35,251.28
246.32,251.25
246.29,251.12
246.3,250.94
246.23,250.61
246.25,250.4
246.29,250.47
246.29,250.49
246.31,250.62
246.32,250.49
246.31,250.4
246.29,250.22
246.28,250.21
246.29,250.19
246.28,250.06
246.2,249.88
246.22,249.82
246.22,249.82
246.22,249.83
246,249.52
245.98,249.25
245.98,249.25
245.96,249.24
245.93,249.22
245.93,249.22
245.92,249.22
245.94,249.14
246.05,249.03
246.24,248.95
246.72,248.69
247.28,248.18
247.64,247.78
247.81,247.45
248.02,247.08
248.14,246.97
248.3,246.88
248.41,246.55
248.64,246.24
248.74,246.25
249.01,246.24
249.21,246.19
249.53,245.92
249.7,245.66
249.75,245.39
249.76,245.32
249.77,245.35
249.83,245.63
249.81,245.87
249.77,245.92
249.71,245.96
249.34,246.02
249.03,246.13
248.91,246.14
248.85,246.13
248.74,245.96
248.73,245.95
248.69,245.97
248.6,245.98
248.53,245.97
248.33,245.93
248.19,245.86
248.18,245.87
248.1,245.86
248.05,245.61
248.06,245.14
248.1,244.97
248.17,245
248.23,244.97
248.27,244.88
248.25,244.84
248.27,244.72
248.25,244.69
248.21,244.64
248.19,244.55
248.2,244.19
248.19,244.1
248.19,244.1
248.18,244.09
248.17,244.09
248.13,244
248.09,243.64
248.12,243.48
248.12,243.49
248.13,243.49
248.11,243.24
248.13,243.17
248.15,243.12
248.14,243.13
248.12,243.15
248.09,243.14
248.04,243.08
248.01,242.98
248,242.93
247.98,242.79
247.98,242.72
247.96,242.42
247.97,242.14
247.97,242.1
247.94,242.02
247.86,241.9
247.81,241.84
247.78,241.77
247.76,241.65
247.77,241.59
247.76,241.13
247.68,240.93
247.64,240.83
247.64,240.82
247.64,240.84
247.63,240.8
247.59,240.61
247.51,240.48
247.43,240.23
247.36,240.16
247.28,239.91
247.26,239.66
247.28,239.35
247.25,239.19
247.23,239.15
247.22,239.14
247.3,239.17
247.3,239.11
247.26,239
247.23,238.84
247.2,238.78
247.2,238.77
247.18,238.6
247.17,238.51
247.17,238.22
247.14,238.17
247.18,238.16
247.2,238.14
247.13,237.89
247.14,237.79
247.09,237.52
247.12,237.21
247.12,237.21
247.12,237.2
247.12,237.2
247.08,237.09
247.03,236.85
247,236.79
246.97,236.68
246.97,236.6
246.93,236.56
246.91,236.26
246.85,236.02
246.85,235.89
246.86,235.89
246.88,235.91
246.88,235.9
246.74,235.64
246.8,235.41
246.87,235.23
246.89,235.2
247,234.91
247.17,234.8
247.39,234.57
247.73,234.17
247.81,234
248.08,233.63
248.26,233.12
248.41,232.91
248.56,232.4
248.64,232.3
248.82,232.04
248.89,231.83
248.91,231.76
249.02,231.73
249.17,231.68
249.34,231.67
249.41,231.64
249.69,231.63
249.86,231.67
249.91,231.73
249.92,231.74
249.94,231.74
249.95,231.77
249.94,231.79
249.83,231.83
249.47,231.9
249.04,231.83
248.92,231.75
248.69,231.69
248.56,231.64
248.37,231.72
248.32,231.72
248.2,231.7
248.16,231.7
248.16,231.73
248.13,231.85
248.12,231.84
248.13,231.74
248.15,231.65
248.13,231.61
248.04,231.49
248.05,231.3
248.04,231.22
248.04,231.15
247.99,230.98
247.94,230.84
247.94,230.86
247.94,230.88
247.91,230.87
247.92,230.67
247.91,230.66
247.86,230.69
247.82,230.74
247.82,230.74
247.82,230.74
247.81,230.71
247.78,230.35
247.8,230.15
247.8,230.1
247.78,230.04
247.75,229.95
247.76,229.92
247.79,229.87
247.82,229.74
247.83,229.66
247.84,229.68
247.84,229.68
247.8,229.6
247.81,229.53
247.83,229.3
247.82,229.29
247.82,229.25
247.86,229.2
247.91,229.17
247.9,229.08
247.87,229.03
247.87,229.04
247.89,228.98
247.88,228.85
247.85,228.69
247.86,228.73
247.87,228.81
247.87,228.8
247.87,228.7
247.84,228.64
247.77,228.61
247.74,228.54
247.75,228.25
247.73,228.09
247.7,228
247.71,227.97
247.71,227.98
247.75,228.01
247.76,228.04
247.74,227.93
247.69,227.68
247.68,227.69
247.69,227.7
247.69,227.68
247.64,227.39
247.55,227.25
247.3,227.17
247.3,227.16
247.3,227.18
247.31,227.18
247.3,227.17
247.29,227.16
247.22,226.8
247.19,226.7
247.19,226.62
247.18,226.9
247.24,226.97
247.24,226.99
247.23,226.97
247.23,226.95
247.24,226.94
247.23,226.95
247.22,226.96
247.2,226.94
247.15,226.6
247.16,226.44
247.17,226.47
247.13,226.6
247.13,226.74
247.08,226.54
247.08,226.46
247.07,226.22
247.04,226.15
247.05,226.17
247.04,226.16
247.04,226.12
247.03,226.07
247.02,226.06
246.98,226.04
246.95,225.99
246.91,225.89
246.9,225.81
246.91,225.88
246.9,225.88
246.91,225.85
246.9,225.76
246.9,225.68
246.9,225.6
246.89,225.6
246.89,225.59
246.9,225.53
246.91,225.53
246.92,225.36
246.9,225.39
246.91,225.38
246.91,225.35
246.93,225.35
246.93,225.35
246.9,225.32
246.89,225.3
246.89,225.3
246.85,225.23
246.86,225.21
246.87,225.21
246.85,225.13
246.68,224.92
246.67,224.92
246.67,224.93
246.66,224.93
246.67,224.95
246.66,224.91
246.69,224.78
246.67,224.71
246.62,224.66
246.62,224.64
246.59,224.58
246.57,224.33
246.55,224.13
246.54,224.2
246.54,224.21
246.55,224.23
246.54,224.17
246.55,224.14
246.5,224.12
246.32,224.12
246.32,224.13
246.31,224.17
246.32,224.18
246.27,224.17
246.13,224.05
246.13,224.01
246.13,224
246.11,223.72
246.07,223.6
246.05,223.35
246.05,223.35
246.08,223.46
246.1,223.63
246.08,223.79
246.11,223.76
246.14,223.73
246.13,223.71
246.12,223.71
246.12,223.7
246.12,223.67
246.12,223.63
246.12,223.62
246.1,223.61
246.08,223.65
246.08,223.65
246.08,223.62
246.08,223.56
246.06,223.47
245.99,223.28
245.98,223.27
245.96,223.14
245.94,223.02
245.94,222.95
245.94,222.99
245.95,223.01
245.94,223.04
245.95,222.97
245.92,222.8
245.91,222.78
245.91,222.78
245.96,222.92
246.01,222.92
246.01,222.9
246,222.83
245.99,222.75
245.98,222.73
245.98,222.76
245.96,222.73
245.89,222.66
245.82,222.45
245.83,222.23
245.79,222.09
245.83,222.08
245.84,222.09
245.83,222.05
245.79,221.91
245.78,221.92
245.78,222.02
245.78,222.02
245.77,222
245.77,221.93
245.78,221.93
245.78,221.96
245.78,221.9
245.69,221.72
245.7,221.72
245.69,221.7
245.64,221.59
245.62,221.55
245.63,221.38
245.64,221.39
245.64,221.37
245.64,221.37
245.6,221.43
245.58,221.44
245.57,221.45
245.58,221.42
245.58,221.45
245.57,221.55
245.6,221.83
245.67,221.91
245.7,221.94
245.74,221.94
245.75,221.83
245.75,221.82
245.75,221.81
245.75,221.73
245.68,221.55
245.67,221.36
245.67,221.38
245.71,221.49
245.7,221.68
245.7,221.69
245.69,221.69
245.68,221.65
245.68,221.55
245.69,221.33
245.74,221.31
245.77,221.34
245.78,221.39
245.82,221.4
245.83,221.35
245.81,221.29
245.83,221.24
245.82,221.22
245.81,221.19
245.78,221.09
245.78,221.07
245.78,221.07
245.78,221.08
245.79,221.11
245.79,221.13
245.75,221.11
245.74,221.09
245.72,221.08
245.72,221.04
245.72,221.03
245.74,221.01
245.77,221.02
245.76,221.1
245.76,221.1
245.79,221.11
245.8,221.04
245.83,220.91
245.86,220.92
245.85,220.91
245.84,220.85
245.84,220.85
245.83,220.85
245.84,220.86
245.85,220.86
245.85,220.86
245.85,220.86
245.83,220.81
245.81,220.76
245.78,220.72
245.73,220.62
245.74,220.64
245.72,220.62
245.69,220.55
245.7,220.58
245.7,220.66
245.71,220.67
245.7,220.55
245.7,220.51
245.66,220.26
245.66,220.24
245.66,220.23
245.69,220.29
245.69,220.35
245.69,220.35
245.66,220.29
245.64,220.14
245.64,220.14
245.63,220.24
245.65,220.24
245.78,220.16
245.8,220.06
245.84,220.04
245.92,220.1
245.96,220.09
245.96,220.09
246,220.04
246.06,219.96
246.22,219.92
246.35,219.86
246.78,219.81
246.93,219.68
247.02,219.45
247.09,219.28
247.13,219.29
247.19,219.17
247.27,219.07
247.27,219
247.31,218.86
247.34,218.8
247.38,218.86
247.43,218.87
247.43,218.87
247.36,218.72
247.3,218.74
247.21,218.85
247.12,219.05
247,219.02
246.95,219.05
246.94,219.07
246.85,219.18
246.84,219.19
246.84,219.19
246.83,219.2
246.77,219.21
246.65,219.2
246.62,219.2
246.59,219.11
246.6,219.05
246.62,218.98
246.61,218.96
246.61,218.96
246.59,218.92
246.53,218.78
246.42,218.79
246.39,218.75
246.33,218.76
246.32,218.76
246.34,218.7
246.35,218.69
246.36,218.69
246.36,218.68
246.41,218.53
246.45,218.33
246.45,218.33
246.42,218.22
246.42,218.22
246.4,218.13
246.43,217.98
246.44,217.89
246.44,217.9
246.51,218.06
246.6,218.08
246.61,218.08
246.65,217.94
246.64,217.91
246.64,217.92
246.64,217.91
246.64,217.92
246.63,217.92
246.64,217.9
246.57,217.92
246.59,217.93
246.59,217.87
246.55,217.63
246.52,217.63
246.46,217.59
246.45,217.71
246.45,217.71
246.46,217.58
246.43,217.21
246.45,217.15
246.43,217.16
246.41,217.15
246.41,217.06
246.4,217.03
246.39,216.98
246.31,216.92
246.29,216.77
246.3,216.78
246.34,216.8
246.34,216.8
246.34,216.78
246.33,216.76
246.32,216.76
246.33,216.78
246.31,216.78
246.27,216.77
246.22,216.78
246.12,216.71
246.13,216.67
246.14,216.73
246.15,216.77
246.17,216.78
246.24,216.74
246.31,216.76
246.31,216.76
246.29,216.76
246.29,216.76
246.26,216.65
246.18,216.5
246.2,216.36
246.15,216.37
246.15,216.35
246.15,216.35
246.15,216.31
246.15,216.3
246.16,216.26
246.16,216.24
246.15,216.21
246.09,216.01
246.08,215.97
246.08,215.92
246.08,215.91
246.13,215.92
246.11,215.88
246.11,215.81
246.1,215.73
246.04,215.68
245.98,215.58
245.94,215.43
245.96,215.28
245.98,215.32
246.01,215.32
246.01,215.3
246.01,215.28
245.92,215.14
245.92,215.04
245.88,214.94
245.88,214.9
245.88,214.89
245.88,214.83
245.9,214.74
245.88,214.59
245.83,214.31
245.81,214.3
245.78,214.24
245.81,214.21
245.86,214.22
245.87,214.19
245.84,214.15
245.78,214.13
245.78,214.11
245.74,213.99
245.69,213.74
245.69,213.74
245.71,213.83
245.76,214.08
245.74,214.18
245.74,214.17
245.7,214.03
245.69,214.02
245.69,214.05
245.69,214.06
245.7,214.06
245.7,213.99
245.66,213.94
245.65,213.93
245.67,213.99
245.72,214.15
245.79,214.13
246.03,213.98
246.14,213.91
246.15,213.91
246.16,213.9
246.72,213.82
246.93,213.74
247.02,213.45
246.98,213.01
247.02,212.85
247.42,212.81
247.59,212.65
247.95,212.66
248.29,212.66
248.45,212.59
248.81,212.77
249.27,213.01
249.64,213.08
250.26,213.14
250.7,213.3
251.36,213.67
251.84,214.11
251.99,214.39
251.98,214.74
251.95,215.11
251.92,215.67
251.94,216.38
252.05,217.02
252.47,217.42
252.73,217.89
253.14,218.24
253.42,218.51
253.68,218.85
253.68,218.87
253.75,218.97
253.98,219
254.09,219.16
254.15,219.36
254.13,219.59
254.09,219.62
253.59,219.55
253.14,219.51
253.02,219.26
253.05,219.2
253.1,219.11
253.1,218.91
253.08,218.72
253.11,218.61
253.13,218.45
253.22,218.33
253.21,218.13
253.23,218.06
253.13,217.97
252.99,217.94
252.8,217.73
252.74,217.7
252.69,217.69
252.63,217.68
252.61,217.67
252.6,217.61
252.55,217.55
252.49,217.35
252.57,217.24
252.42,217.23
252.48,217.24
252.32,217.23
252.32,217.15
252.3,217.07
252.21,217.01
252.2,217
252.12,216.94
252.12,216.93
252.08,216.87
251.98,216.69
251.98,216.6
252,216.48
251.99,216.45
251.95,216.41
251.89,216.24
251.84,216.14
251.79,216.06
251.75,216.05
251.53,215.93
251.65,215.88
251.42,215.91
251.61,216.06
251.35,216.19
251.63,216.19
251.41,216.21
251.42,216.23
251.64,216.22
251.38,216.17
251.61,216.1
251.33,215.98
251.56,215.98
251.53,216.01
251.28,216.01
251.47,215.94
251.41,215.91
251.21,215.9
251.39,215.94
251.32,215.95
251.32,215.95
251.33,215.92
251.32,215.83
251.26,215.78
251.24,215.78
251.24,215.81
251.23,215.78
251.2,215.69
251.12,215.55
251.14,215.4
251.14,215.4
251.09,215.34
250.98,215.26
250.93,215.01
250.94,215.01
250.96,215.02
250.98,215.01
251,215
250.99,215.01
250.97,214.95
250.97,214.92
251.07,214.95
251.08,214.95
251.08,214.9
251.06,214.87
251.04,214.87
250.95,214.72
250.91,214.7
250.86,214.65
250.88,214.64
250.85,214.63
250.7,214.61
250.54,214.5
250.77,214.19
250.45,214.2
250.73,214.15
250.46,214.15
250.42,213.9
250.66,213.8
250.37,213.82
250.64,213.78
250.29,213.71
250.52,213.65
250.45,213.6
250.14,213.53
250.38,213.38
250.39,213.38
250.15,213.41
250.41,213.44
250.41,213.49
250.17,213.67
250.36,213.55
250.33,213.33
250.28,213.17
250.25,213.12
250.24,213.1
250.01,212.89
249.98,212.74
249.99,212.75
250.05,212.87
250.06,212.87
250.06,212.91
250.07,212.9
250.06,212.9
250.06,212.89
250.05,212.88
250.04,212.88
250.03,212.87
250.08,212.81
250.08,212.81
250.07,212.8
250.08,212.8
249.98,212.71
249.98,212.65
249.94,212.62
249.9,212.63
249.9,212.63
249.94,212.62
249.94,212.47
249.87,212.04
249.8,212.11
249.81,212.11
249.81,212.12
249.72,211.94
249.66,211.93
249.63,211.92
249.62,211.93
249.6,211.96
249.59,211.96
249.55,211.97
249.53,211.98
249.8,211.97
249.38,211.82
249.56,211.38
249.57,211.22
249.27,211.3
249.52,211.29
249.43,211.27
249.19,211.28
249.42,211.23
249.31,211.08
249.26,211.07
249.22,211.09
249.17,211.09
248.98,211.07
248.98,211.07
248.95,210.96
248.92,210.87
248.9,210.79
248.92,210.67
248.85,210.49
248.83,210.28
248.74,210.18
248.76,210.17
248.85,210.19
248.85,210.19
248.71,210.1
248.6,210.03
248.79,210
248.47,209.95
248.63,209.93
248.63,209.93
248.35,209.93
248.56,209.85
248.54,209.83
248.32,209.85
248.55,209.84
248.54,209.83
248.22,209.6
248.4,209.52
248.41,209.34
248.2,209.36
248.38,209.33
248.33,209.17
248.3,209.12
248.3,209.14
248.29,209.41
248.28,209.6
248.31,209.59
248.33,209.54
248.32,209.42
248.33,209.25
248.32,209.25
248.24,209.22
248.16,209.14
248,208.88
247.99,208.88
248,208.95
248.04,208.95
248.06,208.94
248.04,208.91
247.97,208.94
247.9,208.97
247.89,208.93
247.87,208.8
247.85,208.72
247.83,208.69
247.72,208.71
247.68,208.7
247.65,208.53
247.67,208.26
247.66,208.24
247.69,208.23
247.69,208.18
247.6,208.05
247.61,208.02
247.6,207.96
247.44,207.78
247.62,207.74
247.54,207.75
247.54,207.58
247.68,207.46
247.54,207.33
247.51,207.33
247.62,207.26
247.43,207.19
247.55,207.08
247.56,207.09
247.42,207.12
247.54,207.08
247.53,207.09
247.4,207.06
247.53,207.03
247.48,207.03
247.3,207.03
247.41,206.99
247.4,206.95
247.4,206.95
247.39,206.94
247.33,206.96
247.33,206.96
247.26,206.96
247.26,206.95
247.23,206.96
247.17,206.93
247.19,206.9
247.21,206.87
247.21,206.84
247.2,206.81
247.14,206.79
247.08,206.69
247.03,206.66
246.96,206.26
246.95,206.13
246.93,206.12
246.95,206.12
246.94,206.11
246.82,206.11
246.81,206.12
246.82,206.13
246.82,206.06
246.8,205.91
246.75,205.78
246.76,205.72
246.75,205.65
246.76,205.66
246.78,205.82
246.75,205.85
246.69,205.83
246.66,205.75
246.66,205.71
246.6,205.57
246.59,205.4
246.55,205.42
246.51,205.37
246.53,205.34
246.49,205.35
246.53,205.35
246.48,205.45
246.49,205.45
246.39,205.56
246.31,205.22
246.29,205.06
246.33,205.06
246.34,205.08
246.34,205.08
246.33,205.13
246.33,205.1
246.33,205.1
246.31,205.12
246.3,205.08
246.25,204.95
246.21,204.88
246.19,204.87
246.05,204.76
246.04,204.7
246.07,204.67
246.14,204.7
246.23,204.85
246.22,204.84
246.22,204.83
246.21,204.77
246.2,204.75
246.2,204.74
246.21,204.74
246.22,204.68
246.21,204.41
246.23,204.13
246.23,204.12
246.25,204.13
246.39,204.21
246.43,204.17
246.45,204.13
246.55,204.04
246.54,204.04
246.7,204.11
246.84,204.09
246.88,204.05
246.93,203.93
246.96,203.93
246.98,203.92
246.99,203.87
247.05,203.71
247.05,203.69
247.01,203.55
247.02,203.31
247.03,203.32
247.05,203.3
247.04,203.26
247.06,203.25
247.06,203.25
247.08,203.24
247.09,203.23
247.1,203.23
247.16,203.27
247.16,203.27
247.15,203.25
247.06,203.05
247.09,202.9
247.09,202.9
247.09,202.9
247.09,202.9
247.09,202.89
247.08,202.84
247.08,202.84
247.1,202.86
247.1,202.87
247.1,202.87
247.11,202.85
247.09,202.75
247.09,202.73
247.02,202.61
246.99,202.49
247.01,202.31
247.01,202.32
247.03,202.29
247.04,202.16
247.01,202.14
246.97,202.04
246.92,201.87
246.91,201.61
246.86,201.33
246.84,201.34
246.93,201.43
246.98,201.66
246.97,201.82
246.98,201.82
247.01,201.85
246.99,201.84
246.98,201.8
247,201.79
247,201.78
247.02,201.74
247,201.64
246.99,201.64
246.98,201.64
246.97,201.63
246.97,201.59
246.95,201.55
246.99,201.54
246.99,201.53
246.99,201.47
246.97,201.15
246.96,201.13
246.96,201.13
246.92,201.19
246.93,201.2
246.93,201.2
246.92,201.2
246.91,201.19
246.92,201.2
246.92,201.28
246.89,201.28
246.88,201.28
246.89,201.27
246.89,201.3
246.89,201.29
246.86,201.27
246.82,201.24
246.82,201.21
246.73,201.19
246.72,201.23
246.73,201.26
246.74,201.29
246.77,201.25
247.24,201.13
247.8,200.86
248.17,200.8
248.6,200.78
248.9,200.76
249.01,200.71
249.27,200.71
249.54,200.74
250.06,200.74
250.28,200.8
250.6,201.11
250.98,201.38
251.13,201.81
251.48,201.84
251.84,201.83
252,201.83
252.17,202
252.18,202.28
252.15,202.68
251.96,203.16
251.67,203.7
251.65,204.06
251.65,204.58
251.71,204.73
252.02,204.77
252.13,204.91
252.15,205.19
252.16,205.23
252.38,205.21
252.59,205.27
252.79,205.52
252.88,205.86
252.95,205.91
253.02,205.93
253.12,205.76
253.23,205.64
253.28,205.45
253.37,205.38
253.37,205.26
253.4,205.17
253.4,205.16
253.41,205.12
253.4,205.06
253.38,204.99
253.3,204.75
253.32,204.7
253.3,204.51
253.26,204.18
253.25,204.14
253.21,204.08
253.16,204.09
253.14,204.09
253.02,203.99
252.94,203.84
252.85,203.7
252.68,203.69
252.61,203.64
252.51,203.54
252.43,203.11
252.34,203
252.29,202.94
252.22,202.92
252.21,202.91
252.19,202.96
252.11,202.92
252.11,202.91
252.09,202.92
252.04,202.83
252,202.76
251.96,202.74
251.91,202.73
251.84,202.75
251.82,202.74
251.77,202.86
251.76,202.87
251.75,202.88
251.71,202.88
251.69,202.91
251.64,202.89
251.63,202.83
251.57,202.79
251.58,202.79
251.58,202.82
251.59,202.82
251.6,202.81
251.61,202.74
251.63,202.74
251.64,202.75
251.63,202.81
251.61,202.81
251.59,202.82
251.56,202.79
251.55,202.8
251.55,202.87
251.52,202.88
251.48,202.83
251.31,202.68
251.24,202.6
251.24,202.4
251.17,202.43
251.15,202.39
251.1,202.25
251.06,202.21
251.03,202.06
251.03,202.13
251.02,202.43
251.01,202.61
251.04,202.58
251.04,202.56
250.99,202.53
250.99,202.54
250.99,202.53
250.97,202.47
250.94,202.31
250.95,202.35
250.95,202.34
250.92,202.34
250.88,202.28
250.83,202.13
250.79,201.94
250.76,201.92
250.71,201.78
250.71,201.78
250.71,201.79
250.69,201.81
250.6,201.86
250.6,201.85
250.6,201.85
250.61,201.86
250.51,201.65
250.3,201.49
250.19,201.25
250.18,201.28
250.19,201.25
250.19,201.22
250.17,201.2
250.16,201.15
250.14,201.16
250.1,201.15
250.06,201.04
250.02,200.78
250.01,200.8
250.03,200.91
250,200.99
250,200.99
249.9,200.95
249.88,200.91
249.88,200.91
249.89,200.94
249.88,200.95
249.86,200.95
249.77,200.73
249.69,200.48
249.67,200.3
249.63,200.41
249.6,200.46
249.59,200.67
249.58,200.7
249.61,200.72
249.61,200.71
249.54,200.79
249.53,200.79
249.28,200.68
249.28,200.66
249.29,200.69
249.29,200.7
249.27,200.71
249.26,200.69
249.25,200.68
249.21,200.67
249.2,200.66
249.18,200.56
249.14,200.46
249.14,200.25
249.13,200.24
249.09,200.25
249.03,200.19
249.02,200.19
249.03,200.23
249.03,200.23
249.02,200.27
248.97,200.16
248.95,200.06
248.91,199.92
248.89,199.81
248.89,199.81
248.89,199.85
248.89,199.82
248.9,199.82
248.9,199.78
248.88,199.7
248.85,199.53
248.84,199.2
248.82,199.18
248.82,199.18
248.84,199.19
248.84,199.19
248.83,199.18
248.81,199.12
248.81,199.14
248.8,199.2
248.79,199.2
248.72,199.01
248.72,198.91
248.72,198.93
248.75,198.99
248.75,198.99
248.75,198.98
248.75,198.99
248.75,198.99
248.74,199.01
248.74,199.04
248.74,199.07
248.74,199.01
248.66,198.72
248.62,198.64
248.6,198.3
248.57,198.26
248.58,198.25
248.53,197.92
248.49,197.89
248.21,197.85
248.14,197.7
248.11,197.59
248.13,197.38
248.14,197.25
248.15,197.21
248.17,197.2
248.17,197.2
248.14,197.08
248.14,197.06
248.11,196.95
248.06,196.78
248.01,196.61
247.95,196.06
247.91,196.02
247.88,195.97
247.88,195.98
247.88,195.98
247.86,195.86
247.82,195.44
247.8,195.37
247.81,195.42
247.81,195.47
247.79,195.68
247.78,195.7
247.79,195.73
247.83,195.78
247.86,195.81
247.88,195.81
247.89,195.79
247.87,195.54
247.88,195.29
247.87,195.11
247.89,195.09
247.9,195.1
247.92,195.14
247.94,195.15
247.95,195.03
247.88,194.7
247.85,194.69
247.88,194.7
247.87,194.85
247.89,194.83
247.92,194.74
247.91,194.63
247.85,194.17
247.82,194
247.87,194.1
247.92,194.19
247.93,194.23
247.91,194.26
247.91,194.26
247.93,194.3
247.94,194.3
247.92,194.24
247.89,194.22
247.83,194.08
247.85,194.08
247.88,193.99
247.83,193.71
247.84,193.73
247.84,193.81
247.84,193.85
247.84,193.84
247.87,193.84
247.89,193.8
247.9,193.79
247.88,193.74
247.81,193.5
247.84,193.33
247.87,193.37
247.88,193.45
247.89,193.7
247.88,193.7
247.87,193.64
247.87,193.59
247.77,193.2
247.76,193.03
247.68,192.8
247.66,192.8
247.7,192.79
247.76,192.91
247.85,193.02
247.89,193.07
247.89,193.09
247.88,193.04
247.8,192.74
247.8,192.75
247.81,192.79
247.82,192.76
247.82,192.73
247.82,192.73
247.79,192.64
247.78,192.65
247.76,192.69
247.75,192.7
247.72,192.59
247.72,192.55
247.74,192.22
247.73,192.2
247.76,192.26
247.81,192.35
247.81,192.39
247.79,192.39
247.79,192.32
247.78,192.16
247.73,192
247.71,192.06
247.71,192.13
247.69,192.16
247.7,192.15
247.7,192.14
247.71,192.13
247.7,192.08
247.71,192.07
247.71,192.09
247.66,192.13
247.66,192.09
247.55,191.82
247.5,191.86
247.32,191.89
247.33,191.89
247.37,191.89
247.38,191.89
247.38,191.88
247.38,191.88
247.36,191.88
247.36,191.89
247.38,191.9
247.38,191.83
247.36,191.69
247.36,191.69
247.35,191.74
247.36,191.8
247.36,191.8
247.36,191.8
247.38,191.8
247.38,191.81
247.33,191.74
247.34,191.65
247.29,191.56
247.31,191.34
247.27,191.34
247.26,191.28
247.26,191.25
247.26,191.16
247.21,191.13
247.22,191.07
247.24,191.05
247.24,191.05
247.24,191.05
247.22,191.04
247.2,191.02
247.24,191.06
247.31,191.18
247.32,191.23
247.33,191.22
247.32,191.17
247.32,191.17
247.33,191.2
247.29,191.21
247.28,191.17
247.3,191.14
247.23,191.08
247.21,191.12
247.2,191.13
247.19,191.1
247.13,191.06
247.14,191.07
247.16,191.1
247.17,191.12
247.18,191.1
247.19,191.1
247.19,191.15
247.22,191.17
247.23,191.18
247.29,191.22
247.28,191.22
247.29,191.27
247.36,191.38
247.42,191.44
247.41,191.62
247.52,191.59
247.83,191.56
248.01,191.48
248.49,191.19
248.99,190.83
249.21,190.78
249.48,190.79
249.78,190.94
250.08,191.1
250.17,191.12
250.37,191.08
250.5,191.11
250.68,191.17
250.84,191.36
250.91,191.71
250.91,191.92
250.92,192
250.92,192.24
250.89,192.34
250.86,192.61
250.8,192.75
250.61,192.81
250.36,192.89
250.11,192.98
250.01,193.04
249.92,193.11
249.82,193.18
249.77,193.24
249.75,193.25
249.67,193.31
249.59,193.24
249.59,193.24
249.63,193.14
249.6,192.97
249.6,192.89
249.57,192.66
249.54,192.57
249.56,192.35
249.57,192.4
249.57,192.4
249.57,192.35
249.57,192.29
249.54,192.31
249.54,192.31
249.54,192.31
249.53,192.3
249.53,192.25
249.5,192.19
249.34,192.22
249.31,192.22
249.31,192.16
249.31,192.07
249.32,192.05
249.34,192.04
249.29,192.05
249.29,192.02
249.3,191.99
249.3,191.99
249.3,191.98
249.27,191.95
249.16,191.8
249.16,191.76
249.16,191.76
249.17,191.77
249.12,191.67
249.11,191.58
249.12,191.35
249.12,191.34
249.11,191.28
249.11,191.29
249.1,191.29
249.08,191.29
249.08,191.27
249.11,191.13
249.11,191.09
249.1,191
249.1,191.01
249.09,191.03
249.08,191.15
249.08,191.15
249.09,191.14
249.08,191.15
249.02,191.15
249,191.18
249,191.18
249.07,191.24
249.08,191.35
249.09,191.37
249.07,191.32
249.06,191.31
249.04,191.25
249.04,191.25
249.04,191.23
249.02,191.2
249.02,191.09
249.02,191.07
249.02,191.07
248.98,191.03
248.95,191.01
248.95,191.02
248.96,191.04
248.96,191.03
248.92,190.88
248.93,190.88
248.96,190.93
248.98,191
248.98,190.99
248.95,190.95
248.92,190.92
248.91,190.92
248.9,190.91
248.89,190.91
248.89,190.92
248.89,190.94
248.89,190.98
248.89,190.97
248.89,190.96
248.89,190.96
248.89,190.95
248.88,190.92
248.91,190.9
248.88,190.85
248.87,190.84
248.8,190.79
248.79,190.78
248.8,190.8
248.78,190.74
248.78,190.74
248.78,190.77
248.81,190.89
248.82,190.91
248.82,190.92
248.78,190.91
248.75,190.91
248.75,190.91
248.75,190.88
248.76,190.86
248.76,190.82
248.72,190.78
248.68,190.77
248.68,190.75
248.64,190.76
248.65,190.77
248.63,190.8
248.55,190.82
248.54,190.81
248.44,190.82
248.43,190.82
248.4,190.66
248.41,190.61
248.47,190.37
248.43,190.36
248.43,190.36
248.47,190.43
248.48,190.5
248.54,190.79
248.55,190.78
248.54,190.75
248.59,190.74
248.67,190.81
248.69,190.87
248.69,190.92
248.68,190.98
248.68,190.98
248.68,190.98
248.68,190.97
248.67,190.91
248.67,190.88
248.66,190.88
248.63,190.88
248.58,190.89
248.58,190.92
248.59,190.92
248.58,190.91
248.5,190.86
248.4,190.89
248.41,190.91
248.4,190.91
248.42,190.9
248.43,190.89
248.43,190.89
248.38,190.91
248.3,190.93
248.32,190.93
248.34,190.89
249.19,190.63
249.78,190.28
249.92,190.06
250.23,190.08
250.33,190.06
250.71,190
251.07,190
251.6,189.98
251.91,190.21
252.44,190.64
252.94,191.19
253.43,191.53
253.91,191.81
254.25,192.02
254.84,192.27
255.2,192.6
255.63,193.06
255.64,193.18
255.59,193.78
255.51,194.2
255.04,195.08
255.06,195.77
255.21,196.31
255.25,196.77
255.25,197.12
255.27,197.6
255.31,197.89
254.72,197.94
254.1,197.99
253.61,197.98
253.1,197.88
253.01,197.82
252.98,197.76
252.96,197.73
252.9,197.66
252.85,197.64
252.77,197.59
252.61,197.53
252.57,197.32
252.25,197.33
252.21,197.26
252.18,196.94
252.17,196.9
252.17,196.9
252.15,196.91
252.11,196.9
252.11,196.88
252.12,196.84
252.13,196.75
252.15,196.68
252.16,196.67
252.15,196.67
252.15,196.68
252.2,196.66
252.19,196.61
252.15,196.56
252.13,196.58
252.08,196.57
252.07,196.53
252,196.43
252,196.19
251.93,196.13
251.88,196
251.81,195.76
251.82,195.69
251.78,195.69
251.77,195.71
251.71,195.74
251.69,195.76
251.68,195.76
251.67,195.75
251.6,195.74
251.58,195.73
251.48,195.64
251.32,195.67
251.32,195.67
251.27,195.66
251.25,195.61
251.14,195.48
251.12,195.23
251.04,195.12
251.04,195.12
250.99,195.12
250.98,195.09
250.9,195
250.83,194.95
250.83,194.95
250.8,194.89
250.64,194.6
250.66,194.36
250.65,194.33
250.64,194.34
250.65,194.43
250.63,194.43
250.58,194.35
250.58,194.34
250.58,194.35
250.64,194.44
250.64,194.49
250.62,194.7
250.59,194.63
250.51,194.54
250.41,194.35
250.28,194.4
250.2,194.37
250.17,194.25
250.14,194.25
250.05,194.24
250,194.2
249.86,194.2
249.86,194.19
249.86,194.18
249.86,194.18
249.86,194.2
249.85,194.21
249.85,194.2
249.85,194.2
249.85,194.2
249.87,194.21
249.86,194.18
249.81,194.12
249.8,194.07
249.82,194.09
249.82,194.11
249.78,194.16
249.74,194.17
249.74,194.17
249.74,194.17
249.73,194.18
249.75,194.18
249.77,194.15
249.78,194.15
249.75,194.13
249.74,194.04
249.73,194.03
249.76,194.02
249.77,194.02
249.77,194.04
249.76,194.05
249.75,194.01
249.77,193.89
249.77,193.86
249.78,193.85
249.77,193.86
249.79,193.87
249.8,193.81
249.81,193.75
249.81,193.76
249.81,193.75
249.79,193.72
249.74,193.42
249.72,193.16
249.76,193.15
249.79,193.17
249.8,193.18
249.81,193.17
249.81,193.19
249.78,193.23
249.77,193.21
249.77,193.22
249.77,193.2
249.77,193.19
249.77,193.2
249.76,193.2
249.76,193.11
249.73,193.05
249.74,193.05
249.69,193.04
249.65,193.02
249.63,193.02
249.63,193.03
249.63,193.01
249.63,193.01
249.63,193
249.56,192.91
249.56,192.92
249.53,192.84
249.56,192.83
249.58,192.87
249.58,192.87
249.55,192.81
249.45,192.72
249.44,192.75
249.35,192.75
249.32,192.76
249.32,192.76
249.28,192.5
249.26,192.26
249.26,192.31
249.26,192.43
249.22,192.63
249.23,192.57
249.18,192.08
249.14,191.97
249.16,192.08
249.15,192.09
249.14,192.09
249.07,192.02
249.03,192.02
249,192.07
248.98,192.14
248.97,192.17
248.98,192.08
248.98,192.08
248.99,192.08
249.01,192.17
249.01,192.21
249.03,192.21
249.03,192.23
249.03,192.27
249.04,192.27
249.02,192.2
248.99,192.14
248.97,192.11
248.97,192.1
248.99,192.09
249.02,192.1
249.03,192.09
249.02,192.16
249.02,192.2
249.01,192.17
249.01,192.06
249.01,192.05
249.01,192.04
248.99,192.04
249,191.85
249,191.84
248.99,191.83
248.96,191.84
248.93,191.97
248.93,191.98
248.93,191.97
248.92,191.88
248.93,191.88
248.95,191.82
248.95,191.81
248.94,191.81
248.92,191.72
248.9,191.57
248.93,191.37
248.92,191.4
248.93,191.35
248.93,191.35
248.93,191.36
248.91,191.43
248.91,191.42
248.9,191.42
248.9,191.45
248.9,191.38
248.87,191.37
248.81,191.32
248.81,191.29
248.81,191.27
248.74,191.22
248.74,191.22
248.74,191.23
248.75,191.22
248.73,191.15
248.73,191.15
248.76,191.18
248.77,191.19
248.76,191.19
248.77,191.18
248.71,191.09
248.7,191.05
248.69,191.05
248.7,191.08
248.7,191.08
248.67,191.1
248.66,191.11
248.66,191.13
248.65,191.13
248.63,191.07
248.63,191
248.63,190.98
248.63,190.89
248.64,190.89
248.66,190.91
248.66,190.91
248.62,190.88
248.54,190.66
248.52,190.65
248.55,190.65
248.66,190.62
248.67,190.67
248.67,190.71
248.67,190.84
248.66,190.8
248.58,190.64
248.53,190.39
248.5,190.23
248.51,190.24
248.51,190.24
248.52,190.22
248.54,190.18
248.54,190.1
248.53,190.1
248.53,190.1
248.56,190.13
248.57,190.15
248.57,190.15
248.46,190.14
248.38,190.12
248.39,190.12
248.38,190.11
248.33,190.02
248.26,189.89
248.2,189.78
248.22,189.8
248.29,189.88
248.31,189.87
248.3,189.87
248.28,189.83
248.25,189.57
248.27,189.38
248.28,189.4
248.31,189.41
248.32,189.42
248.33,189.38
248.32,189.36
248.32,189.37
248.34,189.39
248.32,189.36
248.07,188.93
248.07,188.93
248.12,189.14
248.13,189.42
248.15,189.63
248.18,189.62
248.22,189.6
248.22,189.58
248.2,189.57
248.2,189.57
248.2,189.55
248.24,189.41
248.27,189.24
248.25,189.28
248.18,189.4
248.19,189.4
248.21,189.4
248.22,189.37
248.18,189.3
248.18,189.3
248.18,189.3
248.21,189.34
248.21,189.34
248.21,189.35
248.21,189.36
248.23,189.38
248.27,189.43
248.25,189.41
248.19,189.25
248.15,189.13
248.14,189.12
248.15,189.14
248.16,189.16
248.17,189.16
248.17,189.17
248.16,189.16
248.16,189.09
248.13,188.97
248.08,188.86
248.06,188.87
248.06,188.88
248.08,188.87
248.09,188.86
248.09,188.86
248.09,188.86
248.07,188.87
248.03,188.83
247.98,188.46
247.96,188.23
247.98,188.27
248.03,188.39
248.01,188.42
248,188.61
247.99,188.49
247.94,188.32
247.87,187.78
247.85,187.58
247.83,187.62
247.82,187.79
247.83,187.89
247.83,187.97
247.83,187.98
247.83,187.94
247.83,187.94
247.84,187.97
247.84,187.97
247.78,187.96
247.76,187.96
247.76,188
247.76,188
247.76,187.99
247.74,187.97
247.66,187.8
247.63,187.78
247.62,187.83
247.62,187.84
247.59,187.84
247.57,187.81
247.56,187.75
247.56,187.75
247.56,187.83
247.54,187.86
247.54,187.85
247.49,187.81
247.38,187.8
247.39,187.84
247.27,187.82
247.19,187.79
247.12,187.76
247,187.64
247.03,187.66
247.04,187.7
247.47,187.72
247.61,187.7
247.63,187.68
247.6,187.58
247.61,187.47
248.07,187.03
248.95,186.58
249.57,186.36
249.91,186.46
250.15,186.79
250.56,186.9
251.02,186.85
251.64,186.79
252.25,186.97
252.93,187.38
253.57,187.81
254.02,187.88
254.61,188.04
254.92,187.94
255.29,187.74
255.84,187.68
256.12,187.59
256.37,187.41
256.26,187.1
255.78,187.09
255.41,187.36
255.01,187.64
254.89,188.1
254.65,188.08
254.46,188.11
254.36,188.25
254.36,188.36
254.38,188.55
254.38,188.8
254.39,188.75
254.41,188.7
254.48,188.67
254.68,188.7
254.71,188.74
254.71,188.77
254.66,188.76
254.59,188.74
254.47,188.55
254.39,188.33
254.4,188.48
254.41,188.48
254.39,188.68
254.39,188.58
254.38,188.52
254.33,188.32
254.19,188.35
254.18,188.35
254.21,188.19
254.2,188.08
254.15,188.03
254.14,188.02
254.14,188.03
254.12,188.03
254.09,187.99
254.06,187.85
254.05,187.66
253.88,187.38
253.77,187.08
253.76,187.09
253.77,187.13
253.79,187.17
253.87,187.31
253.87,187.3
253.86,187.28
253.86,187.28
253.84,187.28
253.83,187.29
253.81,187.21
253.79,187.13
253.75,187.13
253.73,187.14
253.71,187.11
253.68,187.1
253.6,187.01
253.5,186.91
253.28,186.73
253.23,186.71
253.23,186.75
253.23,186.83
253.24,186.88
253.21,186.91
253.21,186.97
253.21,186.98
253.18,186.93
253.16,186.89
253.1,186.78
253.11,186.79
253.1,186.81
253.09,186.81
253.06,186.83
253.04,186.86
253.05,186.9
253.03,186.85
253.01,186.8
252.98,186.7
252.89,186.56
252.9,186.35
252.88,186.46
252.9,186.47
252.92,186.73
252.94,186.76
252.95,186.8
252.93,186.8
252.93,186.76
252.92,186.68
252.9,186.48
252.78,185.93
252.79,185.99
252.78,186.22
252.77,186.33
252.76,186.6
252.76,186.6
252.75,186.56
252.73,186.34
252.73,186.13
252.76,186.19
252.76,186.29
252.71,186.33
252.69,186.32
252.69,186.32
252.69,186.32
252.62,186.33
252.63,186.33
252.65,186.29
252.64,186.15
252.6,186.1
252.61,186.12
252.65,186.15
252.64,186.16
252.65,186.15
252.64,186.14
252.61,186.14
252.61,186.21
252.52,186.24
252.38,186.21
252.38,186.15
252.39,186.14
252.39,186.15
252.4,186.19
252.4,186.2
252.4,186.21
252.39,186.21
252.39,186.16
252.36,186.12
252.35,186.06
252.35,186.07
252.38,186.13
252.38,186.16
252.38,186.18
252.38,186.18
252.38,186.12
252.39,186.12
252.38,186.12
252.36,186.1
252.35,186.02
252.35,186
252.34,186.02
252.31,186.09
252.31,186.1
252.31,186.1
252.26,186.04
252.23,186.02
252.23,186.01
252.22,186.06
252.23,186.08
252.23,186.08
252.23,186.07
252.23,186.07
252.18,186.04
252.15,185.97
252.15,186
252.14,186.01
252.15,186.12
252.14,186.14
252.18,186.16
252.11,186.16
252.04,186.19
252.04,186.19
252.04,186.2
252.04,186.2
252.04,186.12
252.01,186.02
251.98,185.99
251.97,185.98
251.96,186.02
251.98,186.03
251.94,186.06
251.93,186.06
251.89,186.12
251.89,186.14
251.89,186.03
251.87,185.91
251.9,185.93
251.9,186.01
251.9,186.01
251.91,186.02
251.91,185.95
251.89,185.89
251.88,185.87
251.87,185.86
251.88,185.79
251.87,185.7
251.86,185.63
251.84,185.58
251.83,185.51
251.84,185.25
251.84,185.33
251.84,185.34
251.84,185.3
251.8,185.16
251.78,185.16
251.77,185.16
251.77,185.16
251.76,185.15
251.71,185
251.66,184.94
251.67,184.98
251.68,185.13
251.66,185.11
251.64,184.98
251.54,184.84
251.32,184.8
251.32,184.79
251.32,184.86
251.36,184.93
251.37,184.96
251.41,184.89
251.38,184.64
251.38,184.73
251.35,184.87
251.35,184.87
251.36,184.87
251.36,184.83
251.36,184.83
251.37,184.9
251.38,184.95
251.36,184.93
251.34,184.86
251.32,184.81
251.31,184.8
251.31,184.79
251.33,184.73
251.33,184.69
251.32,184.67
251.36,184.71
251.36,184.72
251.35,184.7
251.33,184.65
251.2,184.29
251.15,184.11
251.14,184.16
251.06,184.28
251.06,184.36
251.1,184.45
251.08,184.59
251.08,184.59
251.08,184.61
251.07,184.64
251.04,184.64
251.03,184.62
250.98,184.55
250.93,184.41
250.92,184.22
250.83,183.97
250.82,183.97
250.8,184
250.8,183.96
250.75,183.83
250.75,183.83
250.73,183.74
250.71,183.69
250.69,183.63
250.69,183.48
250.72,183.25
250.71,183.19
250.71,183.16
250.73,183.18
250.77,183.1
250.78,183.09
250.77,183.08
250.78,183.08
250.74,183.07
250.72,183.01
250.62,182.77
250.62,182.77
250.6,182.73
250.56,182.4
250.56,182.19
250.47,182.08
250.26,182.1
250.23,182.09
250.21,182.04
250.21,182.01
250.22,181.91
250.24,181.82
250.24,181.81
250.2,181.66
250.19,181.66
250.18,181.68
250.16,181.66
250.07,181.64
249.98,181.53
249.99,181.01
249.97,180.99
249.97,180.99
249.96,181.03
249.95,181.04
249.92,181.01
249.93,180.98
249.92,180.97
249.93,180.96
249.91,180.94
249.89,180.93
249.84,180.92
249.84,180.94
249.85,180.97
249.88,181.04
249.89,181.12
249.89,181.08
249.89,181.03
249.86,180.95
249.45,180.13
249.08,179.93
249.28,180.01
249.48,180.4
249.61,180.78
249.64,180.82
249.66,180.87
249.66,180.92
249.66,180.92
249.62,180.63
249.63,180.6
249.65,180.41
249.64,180.39
249.63,180.39
249.56,180.25
249.54,180.17
249.38,180.14
249.36,180.12
249.37,180.12
249.37,180.11
249.29,180.01
249.2,179.75
249.15,179.49
249.12,179.27
249.12,179.26
249.07,179.45
249.03,179.75
249.03,179.75
248.96,179.64
248.96,179.64
248.96,179.64
248.97,179.64
248.9,179.34
248.9,179.13
248.81,179.02
248.82,179.08
248.8,179.08
248.78,179.1
248.81,179.13
248.88,179.18
248.98,179.33
248.99,179.34
248.97,179.4
248.96,179.4
248.93,179.46
248.93,179.46
248.91,179.44
248.9,179.43
248.91,179.44
248.91,179.44
248.9,179.43
248.88,179.4
248.84,179.44
248.84,179.4
248.82,179.29
248.76,179.18
248.68,179.08
248.68,179.08
248.68,179.12
248.69,179.17
248.68,179.15
248.68,179.15
248.64,179.1
248.65,178.97
248.66,178.94
248.66,178.94
248.64,178.92
248.64,178.83
248.63,178.6
248.63,178.4
248.58,178.44
248.5,178.41
248.36,178.34
248.33,178.07
248.38,178.12
248.43,178.16
248.45,178.28
248.41,178.19
248.4,178.04
248.37,177.96
248.38,177.99
248.36,178.02
248.38,178.11
248.43,178.15
248.48,178.06
248.45,177.96
248.46,177.99
248.44,178.23
248.51,178.28
248.53,178.15
248.48,177.85
248.5,177.85
248.5,177.84
248.47,177.79
248.44,177.75
248.44,177.73
248.46,177.72
248.46,177.72
248.46,177.7
248.46,177.68
248.45,177.54
248.49,177.29
248.5,177.3
248.49,177.3
248.5,177.3
248.45,177.2
248.41,177
248.41,177.01
248.44,177.09
248.41,177.17
248.42,177.18
248.41,177.2
248.44,177.2
248.44,177.21
248.33,176.82
248.26,176.71
248.29,176.48
248.36,176.44
248.37,176.4
248.37,176.36
248.4,176.43
248.38,176.59
248.41,176.84
248.44,176.82
248.44,176.68
248.45,176.68
248.42,176.69
248.41,176.68
248.43,176.68
248.45,176.64
248.45,176.6
248.4,176.51
248.37,176.39
248.37,176.39
248.37,176.37
248.33,176.38
248.3,176.37
248.3,176.37
248.31,176.41
248.32,176.36
248.29,176.29
248.3,176.24
248.24,176.14
248.23,176.15
248.23,176.22
248.23,176.19
248.22,176.12
248.19,176.08
248.18,176.11
248.18,176.07
248.16,176.07
248.1,176.03
248.09,175.99
248.1,176.05
248.12,176.05
248.11,175.91
248.11,175.92
248.15,176.02
248.14,175.94
248.07,175.58
248.13,175.35
248.13,175.35
248.13,175.36
248.11,175.36
248.11,175.36
248.1,175.16
247.97,174.87
247.91,174.89
247.93,175.16
247.98,175.23
247.97,175.23
247.96,175.25
248.01,175.32
248.01,175.32
247.94,175.26
247.92,175.12
247.88,175.11
247.81,175.04
247.82,175.06
247.84,175.07
247.87,175.07
247.86,175.07
247.87,174.99
247.79,174.85
247.73,174.86
247.69,174.87
247.65,174.87
247.5,174.64
247.45,174.39
247.49,174.22
247.47,174.29
247.48,174.31
247.45,174.26
247.41,174.18
247.41,174.17
247.4,174.16
247.29,174.04
247.28,174.04
247.29,174.07
247.26,174.04
247.08,173.91
247.08,173.86
247.07,173.97
247.09,173.97
247.09,173.97
247.13,174.04
247.13,174.06
247.11,174.08
247.06,174.1
247.06,174.11
247.05,174.06
247.05,174.06
247.05,174.1
247.05,174.31
247.05,174.31
247.05,174.2
247.1,174.18
247.26,174.18
247.44,174.23
247.43,174.21
247.48,174.05
247.59,173.98
247.64,173.96
247.79,174
248.27,173.92
248.92,173.88
249.17,173.96
249.16,173.99
249.25,173.95
249.26,173.94
249.46,174.2
249.51,174.2
249.61,174.06
249.64,174.08
249.75,174.31
249.77,174.4
249.76,174.69
249.76,174.7
249.65,174.66
249.45,174.59
249.27,174.58
249.04,174.58
248.68,174.47
248.59,174.26
248.39,174.26
248.26,174.53
248.19,174.99
248.17,175.03
248.17,175.03
248.18,175.07
248.19,175.05
248.22,174.75
248.23,174.4
248.22,174.25
248.2,174.57
248.09,174.76
248.07,174.73
248.07,174.73
248.11,174.79
248.02,174.85
248.01,174.87
248.05,175.06
248.05,175.04
248.02,175.01
248,175.06
247.96,175.11
247.93,175.12
247.9,175.14
247.84,175.36
247.81,175.37
247.78,175.71
247.82,175.85
247.93,175.91
248,175.86
248.83,175.69
249.76,175.54
250.01,175.3
250.43,175.34
250.92,175.33
251.44,175.47
251.81,175.69
252.44,175.83
253.02,176.18
253.75,176.85
254.18,177.33
254.67,177.85
255.03,177.89
255.1,177.85
255.07,177.54
254.65,177.45
254.19,178.04
253.82,178.6
253.68,179.1
253.66,179.27
253.65,179.28
253.71,179.14
253.79,179.08
253.91,179.17
254.2,179.32
254.44,179.41
254.43,179.59
253.59,179.31
253.07,179.16
252.9,179.07
252.9,178.85
252.94,178.55
252.95,178.31
252.82,178.29
252.54,178.28
252.49,178.25
252.3,178.22
252.21,178.17
252.16,177.94
252.08,177.9
251.99,177.93
251.94,177.97
251.8,177.98
251.8,177.94
251.96,177.8
252.11,177.67
252.13,177.53
252.16,177.21
252.15,176.98
252.15,176.89
252.14,176.66
252.16,176.63
252.16,176.1
252.11,176.11
252.07,176.19
252.08,176.21
252.05,176.21
252.03,176.3
251.99,176.26
251.88,176.1
251.88,176.1
251.86,176.14
251.82,176.17
251.79,176.23
251.76,176.01
251.71,175.96
251.66,175.96
251.67,175.96
251.64,175.93
251.65,175.9
251.63,175.89
251.62,175.89
251.55,175.85
251.5,175.78
251.52,175.64
251.49,175.56
251.34,175.38
251.34,175.38
251.16,175.23
251.14,175.18
251.16,175.16
251.16,175.15
251.14,175.2
251.15,175.25
251.14,175.26
251.13,175.16
251.06,175.09
251.03,175.07
251.01,175.26
250.97,175.16
250.92,175.11
250.92,175.11
250.96,175.34
250.93,175.49
250.92,175.78
250.86,175.69
250.85,175.33
250.87,175.19
250.82,175.16
250.74,175.21
250.69,175.11
250.42,174.77
250.37,174.28
250.41,174.16
250.44,174.58
250.49,174.98
250.44,175
250.52,174.98
250.37,174.9
250.42,174.9
250.42,174.89
250.35,174.81
250.28,174.75
250.21,174.65
250.25,174.63
250.26,174.63
250.26,174.61
250.24,174.59
250.15,174.46
250.15,174.27
250.16,174.24
250.18,174.24
250.2,174.27
250.2,174.28
250.2,174.29
250.2,174.18
250.2,174.03
250.15,174.03
250.15,174.02
250.11,174.06
250.09,174.07
250.06,174.02
250.04,173.8
250.05,173.84
250.06,173.89
250.01,173.6
249.95,173.54
249.96,173.45
249.95,173.59
249.91,173.74
249.9,173.67
249.9,173.64
249.91,173.6
249.86,173.39
249.8,173.1
249.75,172.98
249.75,172.95
249.76,172.99
249.77,172.99
249.74,173.02
249.77,173.11
249.76,173.1
249.76,173.11
249.76,173.13
249.73,173.05
249.66,172.95
249.62,172.58
249.64,172.36
249.62,172.27
249.58,171.97
249.58,171.98
249.63,172.25
249.62,172.42
249.61,172.85
249.61,172.85
249.58,172.76
249.55,172.39
249.59,172.2
249.61,172.19
249.61,172.18
249.55,172.2
249.55,172.21
249.55,172.2
249.51,172.19
249.46,172.18
249.4,172.11
249.39,172.09
249.41,172.01
249.36,171.74
249.36,171.75
249.23,171.7
249.2,171.69
249.16,171.58
249.16,171.59
249.13,171.64
249.12,171.76
249.12,171.9
249.14,171.94
249.14,171.94
249.1,171.87
249.03,171.83
249.03,171.73
248.98,171.61
248.93,171.2
248.76,170.79
248.79,170.67
248.84,171.07
248.87,171.4
248.91,171.56
248.92,171.57
248.91,171.6
248.92,171.6
248.91,171.59
248.92,171.58
248.91,171.46
248.92,171.25
248.9,171.22
248.77,171.08
248.76,170.91
248.75,170.89
248.66,171.03
248.67,171.07
248.68,171.07
248.67,171.08
248.67,171.03
248.67,171.02
248.64,170.97
248.59,170.94
248.6,170.93
248.59,170.79
248.56,170.69
248.55,170.71
248.49,170.67
248.4,170.59
248.38,170.45
248.37,170.27
248.38,170.26
248.34,170.21
248.36,170.21
248.29,170.15
248.27,170.15
248.27,170.11
248.29,170.03
248.24,169.99
248.29,169.99
248.3,170.04
248.3,170.04
248.27,170.06
248.29,170.07
248.28,170.01
248.28,170.02
248.28,170.3
248.25,170.23
248.22,170.16
248.23,170.15
248.21,170.11
248.11,169.9
248.07,169.86
248.07,169.86
248.1,169.88
248.1,169.91
248.11,170.07
248.14,170.09
248.15,170.07
248.15,170.06
248.16,170.12
248.13,170.11
248.04,170.09
248.05,170
248.05,170
248.04,170.01
248.02,170.04
247.96,170.27
247.9,170.19
247.92,170.12
247.9,170.1
247.77,169.99
247.76,169.99
247.76,169.98
247.76,169.91
247.71,169.75
247.72,169.76
247.74,169.99
247.72,169.96
247.63,169.86
247.63,169.85
247.53,169.66
247.46,169.73
247.49,169.99
247.48,170.01
247.48,170.01
247.46,169.99
247.37,169.89
247.33,169.79
247.33,169.79
247.3,169.73
247.32,169.65
247.37,169.78
247.35,169.88
247.35,169.85
247.34,169.71
247.29,169.49
247.29,169.35
247.25,169.4
247.2,169.53
247.17,169.76
247.17,169.76
247.08,169.83
247.13,169.97
247.12,169.96
247.04,169.74
247.03,169.74
246.98,169.76
246.91,169.71
246.92,169.69
246.94,169.6
246.94,169.4
246.95,169.24
246.93,169.31
246.96,169.59
246.95,169.79
246.92,169.74
246.93,169.73
246.93,169.73
246.96,169.8
246.98,169.8
247.02,169.56
247.05,169.3
247.08,169.3
247.12,169.36
247.12,169.35
247.13,169.35
247.11,169.26
247.12,169.09
247.11,169.09
247.11,169.09
247.09,169.11
247.08,169.07
247.08,169.06
246.98,168.9
246.9,168.83
246.9,168.83
246.9,168.83
246.93,168.86
246.94,168.94
246.92,169.01
246.94,169.01
246.96,169.06
247.01,169.19
246.96,169.05
246.93,168.99
246.9,168.87
246.85,168.65
246.87,168.44
246.94,168.7
246.93,168.85
246.93,168.84
246.93,168.84
246.93,168.82
246.93,168.76
246.95,168.73
246.92,168.47
246.9,168.01
246.89,167.95
246.87,168.19
246.87,168.22
246.87,168.2
246.88,168.18
246.91,168.18
246.9,168.2
246.9,168.2
246.93,168.18
246.89,167.95
246.87,167.98
246.84,168.09
246.86,168.17
246.86,168.27
246.86,168.26
246.81,168.16
246.81,168.19
246.85,168.29
246.87,168.29
246.88,168.24
246.85,168.18
246.85,168.22
246.86,168.32
246.86,168.32
246.86,168.31
246.85,168.31
246.86,168.33
246.86,168.36
246.9,168.68
246.87,168.87
246.87,168.86
246.86,168.86
246.79,168.76
246.78,168.79
246.77,168.91
246.78,168.92
246.8,168.96
246.8,169.07
246.8,169.08
246.8,169.08
246.82,169.05
246.84,169.07
246.83,169.1
246.82,169.03
246.82,169.03
246.8,169.05
246.8,169.05
246.82,169.04
246.82,169.04
246.84,169.09
246.8,169.11
246.77,169.11
246.75,169.1
246.77,169.13
246.77,169.15
246.8,169.16
246.82,169.13
246.79,169.12
246.78,169.14
246.78,169.13
246.79,169.13
246.87,169.15
246.85,169.13
246.84,169.13
246.82,169.15
246.84,169.15
246.85,169.13
246.88,169.11
246.85,169.03
246.89,169.03
246.9,169.03
246.88,169
246.87,168.99
246.84,168.93
246.84,168.93
246.83,168.97
246.82,168.97
246.83,168.99
246.87,169.04
246.89,169.04
246.95,169.04
246.95,169.02
246.94,168.95
246.92,168.95
246.9,168.97
246.99,169.09
246.99,169.1
246.99,169.1
246.96,169.07
246.96,169.09
246.93,169.06
246.91,169.08
246.88,169.17
246.89,169.18
246.89,169.18
246.86,169.13
246.87,169.14
246.91,169.32
246.97,169.47
246.95,169.7
247.01,169.68
247.08,169.65
247.08,169.64
247.04,169.6
247.05,169.6
247.06,169.39
247.02,169.11
246.98,169.1
247,169.14
247.09,169.25
247.12,169.21
247.1,169.16
247.08,169.12
247.07,169.12
247.06,169.13
247.07,169.09
247.07,169.01
247.08,169
247.1,169
247.15,169.05
247.16,169.05
247.18,169
247.19,168.99
247.2,168.97
247.19,168.98
247.2,168.99
247.22,168.97
247.3,168.93
247.3,168.93
247.26,168.97
247.23,169
247.25,168.91
247.21,168.61
247.26,168.43
247.26,168.49
247.26,168.52
247.29,168.74
247.27,168.69
247.25,168.63
247.25,168.7
247.24,168.99
247.2,168.91
247.19,168.88
247.16,168.76
247.18,168.74
247.21,168.81
247.25,168.92
247.27,169.12
247.28,169.15
247.32,169.09
247.3,169.08
247.31,169.08
247.32,169.02
247.33,169.02
247.34,169.01
247.32,168.96
247.31,168.88
247.28,168.71
247.28,168.71
247.27,168.73
247.27,168.72
247.27,168.72
247.25,168.73
247.25,168.73
247.27,168.78
247.25,168.79
247.27,168.82
247.25,168.8
247.18,168.58
247.21,168.27
247.21,168.35
247.22,168.37
247.24,168.37
247.24,168.3
247.2,168.24
247.21,168.31
247.19,168.27
247.16,168.21
247.15,168.07
247.15,168.07
247.15,168.08
247.18,168.16
247.19,168.21
247.19,168.21
247.19,168.25
247.19,168.33
247.19,168.33
247.14,168.28
247.12,168.2
247.07,168.18
247.06,168.2
247.07,168.24
247.08,168.28
247.1,168.3
247.1,168.3
247.09,168.23
247.09,168.23
247.09,168.26
247.11,168.24
247.13,168.14
247.14,168.16
247.14,168.2
247.15,168.17
247.12,168.1
247.11,168.09
247.05,168.05
247.05,168.04
247.05,168.05
247.03,168.01
246.99,167.83
246.94,167.87
246.91,168
246.84,168.06
246.84,168.09
246.85,168.07
246.82,168.08
246.79,168.09
246.7,168.04
246.69,168.02
246.68,168.02
246.68,168.03
246.68,168.09
246.71,168.22
246.72,168.2
246.67,167.96
246.66,167.96
246.67,167.97
246.66,168
246.64,167.99
246.56,167.9
246.56,167.83
246.55,167.9
246.64,168.03
246.63,167.88
246.6,167.75
246.59,167.79
246.53,167.69
246.53,167.64
246.42,167.56
246.44,167.34
246.45,167.35
246.42,167.33
246.41,167.28
246.42,167.25
246.38,167.17
246.32,166.98
246.31,167
246.31,167.05
246.31,167.02
246.33,167.08
246.33,167.02
246.31,167.02
246.3,167.02
246.26,166.9
246.26,166.87
246.26,166.88
246.23,166.87
246.21,166.83
246.2,166.88
246.13,166.88
246.12,166.88
246.05,166.61
246.04,166.53
246.04,166.39
246.06,166.55
246.06,166.71
246.06,166.64
245.98,166.25
246,166.12
246.01,166.19
246.04,166.46
246.02,166.68
245.98,166.63
245.97,166.61
245.97,166.57
245.96,166.54
245.97,166.56
245.95,166.67
245.95,166.67
245.92,166.6
245.92,166.43
245.97,166.36
246.01,166.51
246,166.75
246.01,166.77
246.01,166.73
246,166.71
246,166.71
245.96,166.66
245.95,166.59
245.95,166.62
245.95,166.61
245.95,166.62
245.87,166.64
245.79,166.55
245.77,166.44
245.77,166.33
245.76,166.34
245.76,166.34
245.73,166.26
245.69,166.05
245.74,166.05
245.78,166.11
245.86,166.36
245.87,166.33
245.87,166.29
245.87,166.29
245.82,166.17
245.82,166.17
245.82,166.21
245.82,166.19
245.82,166.21
245.84,166.32
245.82,166.29
245.82,166.28
245.81,166.28
245.81,166.34
245.83,166.36
245.84,166.24
245.85,166.14
245.85,166.22
245.87,166.18
245.86,166.12
245.82,166.13
245.83,166.22
245.92,166.38
245.91,166.39
245.84,166.55
245.84,166.49
245.78,166.36
245.7,166.15
245.66,166.12
245.65,166.13
245.64,166.21
245.66,166.33
245.68,166.33
245.7,166.34
245.82,166.38
245.82,166.38
245.83,166.38
245.95,166.35
245.97,166.33
246.04,166.28
246.13,166.27
247.5,165.95
248.11,165.7
248.63,165.64
249.08,165.74
249.62,165.91
250.02,165.91
250.47,165.72
250.95,165.96
251.48,166.44
252.11,167.2
252.74,167.84
253.2,168.37
253.76,168.46
254.2,168.06
254.77,167.98
255.21,168.07
255.61,168.08
255.77,168.24
255.78,168.86
255.72,169.82
255.55,170.89
255.15,171.5
255.1,171.85
255.07,172.04
254.98,172.36
254.19,172.84
253.1,173.04
252.15,173.04
252.07,172.99
252.11,172.85
252.14,172.85
252.12,172.77
251.98,172.74
251.69,172.71
251.55,172.7
251.51,172.65
251.45,172.58
251.21,172.58
251.13,172.62
251.16,172.57
251.27,172.4
251.34,172.15
251.38,172.11
251.48,172
251.6,171.99
251.61,171.99
251.61,171.94
251.62,171.9
251.7,171.87
251.71,171.6
251.8,171.4
252.08,171.29
252.05,170.97
251.97,170.91
251.97,170.92
251.97,171.01
251.95,171.1
251.95,171.11
251.95,171.07
251.96,171.07
251.94,170.9
251.92,170.9
251.83,170.81
251.79,170.59
251.8,170.37
251.76,170.32
251.75,170.34
251.73,170.34
251.67,170.16
251.64,170.14
251.65,170.13
251.63,170.18
251.65,170.28
251.64,170.3
251.59,170.3
251.51,170.16
251.38,170.13
251.33,170.13
251.34,170.13
251.33,170.14
251.26,170.13
251.26,170.14
251.31,170.42
251.3,170.7
251.33,170.72
251.37,170.79
251.37,170.8
251.29,170.7
251.23,170.61
251.16,170.54
251.18,170.34
251.15,170.36
250.99,170.13
250.96,170.05
250.95,170.07
250.96,170.18
250.96,170.11
250.93,170.04
250.94,170.04
250.93,170.04
250.9,170.04
250.82,170.04
250.82,170.04
250.81,170.03
250.74,169.93
250.75,169.94
250.72,170.07
250.72,170.07
250.7,170.05
250.71,170.12
250.71,170.12
250.62,169.98
250.59,169.91
250.62,169.94
250.63,169.92
250.63,169.92
250.62,169.93
250.56,169.95
250.52,169.94
250.44,169.92
250.43,169.9
250.43,169.92
250.43,169.91
250.44,169.9
250.43,169.9
250.36,169.82
250.37,169.82
250.37,169.82
250.38,169.86
250.39,169.86
250.39,169.88
250.38,169.85
250.28,169.65
250.19,169.4
250.16,169.08
250.19,169.05
250.15,169.12
250.11,169.33
250.12,169.33
250.12,169.33
250.09,169.25
250.04,169.07
250.01,169.03
249.97,169.04
249.97,169.04
249.92,168.92
249.93,168.87
249.93,168.86
249.95,168.9
250,169.03
250.04,169.07
250.05,169.06
250.04,169.06
250.03,169.08
250.02,169.08
249.99,169.09
249.99,169.08
250.01,169.08
250,169.01
249.99,169
249.99,169
249.98,168.89
249.98,168.89
249.99,168.89
249.99,168.83
249.99,168.69
249.99,168.68
249.97,168.57
249.96,168.57
249.91,168.24
249.9,168
249.9,168.06
249.86,168.15
249.89,168.39
249.88,168.6
249.9,168.56
249.9,168.53
249.92,168.33
249.9,168.33
249.87,168.31
249.86,168.33
249.84,168.25
249.82,168.2
249.83,168.2
249.77,168.07
249.75,168.02
249.78,168.1
249.83,168.25
249.85,168.28
249.87,168.28
249.87,168.34
249.81,168.32
249.81,168.32
249.81,168.34
249.8,168.36
249.76,168.36
249.73,168.27
249.68,168.18
249.68,168.18
249.68,168.06
249.65,168.04
249.64,167.94
249.55,167.8
249.54,167.66
249.36,167.61
249.33,167.52
249.3,167.15
249.26,167.15
249.22,167.16
249.28,167.26
249.28,167.25
249.29,167.25
249.32,167.29
249.3,167.31
249.28,167.24
249.28,167.21
249.25,167.2
249.23,167.2
249.22,167.21
249.22,167.23
249.22,167.19
249.12,167.02
249.12,167.02
249.12,167.05
249.11,167.15
249.11,167.15
249.1,166.97
249.01,166.82
249.01,166.83
249.03,166.91
249.01,166.94
248.96,167.02
248.9,167.03
248.84,167.08
248.81,166.91
248.78,166.84
248.7,166.69
248.71,166.71
248.73,167.03
248.73,166.85
248.68,166.74
248.66,166.73
248.68,166.97
248.69,167.02
248.7,166.99
248.64,166.93
248.64,166.93
248.64,166.93
248.66,166.97
248.63,166.96
248.61,166.94
248.61,166.93
248.57,166.86
248.54,166.79
248.49,166.75
248.38,166.75
248.36,166.7
248.28,166.27
248.3,166.07
248.22,165.78
248.21,165.78
248.18,165.86
248.12,165.76
248.05,165.68
248.04,165.68
248.08,165.56
248.08,165.54
248.05,165.38
248.03,165.41
248.02,165.32
247.98,165.28
247.95,165.13
247.91,165.08
247.9,165.09
247.9,165.16
247.9,165.16
247.89,165.09
247.89,165.09
247.82,164.83
247.81,164.88
247.81,164.91
247.76,164.96
247.76,164.95
247.76,164.96
247.7,164.9
247.7,164.9
247.69,164.98
247.72,165.05
247.74,165.06
247.75,164.99
247.73,164.97
247.69,164.92
247.66,164.92
247.54,164.67
247.44,164.65
247.49,164.4
247.48,164.42
247.55,164.52
247.53,164.73
247.53,164.74
247.51,164.75
247.45,164.65
247.31,164.6
247.31,164.57
247.32,164.42
247.28,164.05
247.27,164.15
247.27,164.31
247.3,164.28
247.32,164.28
247.35,164.28
247.36,164.31
247.31,164.34
247.3,164.35
247.25,164.27
247.22,164.26
247.2,164.14
247.18,164.11
247.18,164.11
247.17,164.11
247.16,164.11
247.13,164.15
247.12,164.13
247.06,163.89
247.06,163.9
247.05,163.92
247.08,163.98
247.05,163.98
246.93,163.62
246.84,163.44
246.89,163.34
246.88,163.35
246.88,163.32
246.88,163.32
246.85,163.21
246.79,162.92
246.8,163.05
246.8,163.3
246.81,163.32
246.8,163.31
246.81,163.24
246.77,163.22
246.77,163.29
246.76,163.25
246.72,163.2
246.68,163.15
246.64,163.06
246.67,163.12
246.67,163.12
246.66,163.1
246.65,163.09
246.65,163.09
246.64,163.08
246.57,163.05
246.56,163.06
246.44,162.99
246.31,162.99
246.29,162.99
246.28,162.96
246.23,162.85
246.22,162.85
246.2,162.7
246.21,162.73
246.19,162.83
246.2,162.76
246.15,162.79
246.16,162.85
246.17,162.85
246.16,162.82
246.1,162.54
246.11,162.32
246.11,162.32
246.1,162.35
246.1,162.35
246.06,162.25
246.05,162.28
246.03,162.29
246.04,162.45
245.99,162.79
246,162.8
245.97,162.73
245.92,162.69
245.91,162.69
245.9,162.65
245.88,162.61
245.87,162.54
245.89,162.32
245.87,162.39
245.86,162.42
245.83,162.4
245.81,162.33
245.8,162.36
245.84,162.66
245.79,162.97
245.79,162.99
245.79,162.98
245.73,162.76
245.72,162.64
245.73,162.41
245.72,162.6
245.67,162.83
245.71,162.95
245.72,163
245.72,163
245.71,162.96
245.66,162.81
245.68,162.82
245.68,162.86
245.73,162.99
245.73,162.98
245.71,162.68
245.7,162.6
245.71,162.39
245.69,162.59
245.7,162.9
245.7,162.91
245.71,162.91
245.71,162.91
245.64,162.89
245.6,162.79
245.59,162.74
245.61,162.75
245.6,162.81
245.6,162.88
245.61,162.89
245.62,162.98
245.62,162.98
245.61,162.82
245.54,162.73
245.53,162.78
245.42,162.82
245.4,162.76
245.4,162.74
245.4,162.72
245.39,162.8
245.4,162.73
245.4,162.75
245.4,162.83
245.38,162.78
245.38,162.79
245.36,162.79
245.29,162.61
245.25,162.51
245.27,162.36
245.24,162.48
245.23,162.5
245.13,162.65
245.1,162.62
245.1,162.59
245.03,162.52
245.05,162.31
245.04,162.31
245,162.25
244.92,162.21
244.91,162.22
244.99,162.32
244.99,162.43
244.97,162.58
244.89,162.47
244.87,162.66
244.87,162.69
244.88,162.83
244.94,162.98
244.95,162.99
245,163.1
245.01,163.19
245,163.26
245.02,163.29
245.03,163.26
245.02,163.14
245.02,163.09
245.02,163.16
245.02,163.17
245.01,163.05
245.01,163.06
245.02,163.19
245.02,163.17
244.99,163.08
244.99,163.01
244.98,163.02
244.99,163.04
245,163.12
245,163.12
244.98,163.09
244.97,163.09
244.96,163.14
244.95,163.15
244.93,163.11
244.93,163.1
244.93,163.1
244.91,163.06
244.91,163.06
244.89,163.09
244.91,163.14
244.96,163.24
244.98,163.25
244.99,163.25
244.96,163.2
244.96,163.15
244.94,163.11
244.88,163.08
244.88,163.09
244.87,163.1
244.87,163.08
244.88,163.11
244.92,163.23
244.92,163.34
244.91,163.29
244.9,163.13
244.95,163.17
244.98,163.26
244.98,163.32
244.97,163.32
244.97,163.31
244.95,163.22
244.92,162.98
244.88,163.02
244.85,163.06
244.77,162.94
244.75,162.83
244.75,162.9
244.78,163.1
244.8,163.18
244.82,163.26
244.85,163.37
244.91,163.65
244.89,163.87
244.78,163.71
244.77,163.7
244.77,163.69
244.78,163.64
244.76,163.68
244.75,163.77
244.72,163.77
244.72,163.75
244.72,163.79
244.72,163.91
244.7,163.99
244.7,163.95
244.71,163.95
244.71,164
244.68,164.08
244.71,164.19
244.71,164.14
244.69,164.09
244.76,164.1
244.77,164.18
244.84,164.18
245.23,164.15
245.46,164.11
245.73,164.11
246.11,163.93
246.23,163.9
246.31,163.89
246.27,163.9
246.66,164.02
246.93,164.32
246.96,164.52
247.15,164.52
247.45,164.72
247.89,164.87
248.19,165.23
248.63,165.74
249.06,166.19
249.32,166.49
249.78,166.6
250.17,166.77
250.55,166.89
250.68,167.1
250.82,167.91
250.87,168.59
250.9,168.86
250.9,169.06
250.85,169.33
250.78,169.99
250.65,170.4
250.38,171.11
250.19,171.78
249.85,172.03
248.92,172.04
248.13,171.91
247.59,171.94
247.09,171.91
246.98,171.86
246.95,171.79
246.92,171.73
246.88,171.67
246.81,171.68
246.75,171.58
246.8,171.46
246.81,171.26
246.93,171.08
247.02,171.02
247.14,170.75
247.23,170.33
247.57,169.85
247.64,169.62
247.62,169.65
247.63,170.06
247.6,170.07
247.61,170.05
247.65,170.03
247.66,170.05
247.72,169.96
247.7,169.76
247.75,169.78
247.77,169.8
247.77,169.85
247.76,169.92
247.76,169.91
247.77,169.9
247.74,169.83
247.7,169.81
247.71,169.77
247.71,169.77
247.72,169.77
247.71,169.8
247.57,169.61
247.57,169.52
247.48,169.35
247.48,169.35
247.36,169.24
247.28,169.19
247.2,168.82
247.17,168.75
247.19,168.35
247.19,168.34
247.17,168.74
247.13,168.9
247.12,168.93
247.1,168.97
247.1,168.98
247.1,169.04
247.1,169.03
247.07,169.03
247.04,169.06
247.03,169.06
246.98,169.06
246.94,168.97
246.91,168.9
246.92,168.89
246.92,168.79
246.91,168.78
246.87,168.59
246.82,168.68
246.76,168.72
246.77,168.59
246.77,168.54
246.77,168.38
246.76,168.48
246.76,168.63
246.76,168.83
246.76,168.82
246.8,168.94
246.79,169.01
246.8,169.02
246.83,169.02
246.83,168.96
246.85,168.92
246.83,168.66
246.8,168.72
246.8,168.75
246.81,168.73
246.76,168.68
246.71,168.35
246.71,168.25
246.71,168.25
246.66,168
246.63,168
246.6,168
246.6,167.92
246.61,167.97
246.61,167.94
246.57,167.85
246.59,167.94
246.58,167.93
246.56,167.87
246.51,167.99
246.37,168.09
246.38,168.09
246.38,168.08
246.42,168.11
246.45,168.14
246.45,168.15
246.43,168.14
246.43,168.14
246.43,168.15
246.47,168.18
246.47,168.18
246.5,168.26
246.61,168.25
246.61,168.26
246.63,168.2
246.64,168.16
246.64,168.06
246.61,168.01
246.61,168.08
246.57,168.12
246.58,168.09
246.58,168.11
246.58,168.13
246.54,168.09
246.52,168.03
246.41,167.98
246.35,167.63
246.3,167.34
246.3,167.34
246.28,167.33
246.24,167.08
246.26,167.08
246.26,167.1
246.24,167.02
246.2,166.92
246.2,166.92
246.19,166.99
246.19,166.97
246.19,166.94
246.17,166.65
246.15,166.58
246.2,166.34
246.19,166.47
246.16,166.83
246.15,167
246.15,167
246.22,167.05
246.29,167.06
246.29,167.06
246.29,167.08
246.28,167.12
246.32,167.17
246.33,167.21
246.33,167.14
246.33,167.14
246.28,167.05
246.27,166.99
246.22,166.75
246.2,166.89
246.15,166.74
246.05,166.32
246.06,166.17
246.06,166.17
246.06,166.23
246.07,166.59
246.05,166.77
246.08,166.58
246.08,166.53
246.11,166.3
246.08,166.47
246.08,166.93
246.09,167.09
246.08,167.04
246.07,166.89
246.1,166.87
246.11,166.94
246.1,166.95
246.09,166.96
246.09,166.92
246.07,166.81
246.07,166.67
246.08,167
246.14,167.1
246.19,167.14
246.18,167.1
246.17,167.07
246.17,167.08
246.18,167.11
246.18,167.16
246.18,167.16
246.17,167.09
246.12,166.99
246.08,166.96
246.07,166.94
246.07,166.92
246.05,166.97
245.99,166.74
245.99,166.74
246,166.74
246,166.79
245.99,166.93
245.98,166.93
245.98,166.99
245.98,167.02
246,167.11
246.02,167.11
246.06,167.16
246.09,167.18
246.09,167.18
246.09,167.16
246.03,166.94
246.02,166.95
246,166.93
245.97,166.88
245.97,166.88
245.95,166.95
245.95,166.99
245.96,167
245.95,167.01
245.94,167.05
245.93,167.05
245.93,167.04
245.92,167.01
245.93,167
245.93,166.96
245.91,166.96
245.87,166.87
245.81,166.77
245.81,166.82
245.75,166.81
245.66,166.5
245.62,166.26
245.63,166.32
245.65,166.4
245.65,166.5
245.56,166.73
245.53,166.7
245.39,166.71
245.38,166.84
245.44,166.92
245.44,166.96
245.46,166.97
245.41,166.62
245.35,166.62
245.37,166.47
245.37,166.49
245.38,166.6
245.36,166.77
245.35,166.78
245.35,166.88
245.4,166.95
245.4,166.99
245.4,166.96
245.37,166.89
245.38,166.92
245.38,166.76
245.35,166.78
245.34,166.76
245.28,166.63
245.27,166.63
245.27,166.63
245.27,166.6
245.3,166.7
245.33,166.81
245.34,166.73
245.34,166.7
245.35,166.71
245.36,166.68
245.36,166.68
245.36,166.68
245.35,166.68
245.35,166.68
245.35,166.7
245.34,166.61
245.31,166.58
245.3,166.74
245.35,166.89
245.35,166.9
245.38,166.79
245.45,166.81
245.44,166.82
245.44,166.82
245.43,166.82
245.43,166.82
245.41,166.73
245.38,166.67
245.37,166.67
245.37,166.67
245.34,166.56
245.31,166.47
245.34,166.27
245.35,166.46
245.34,166.47
245.29,166.55
245.29,166.53
245.3,166.56
245.29,166.64
245.29,166.67
245.28,166.58
245.29,166.57
245.23,166.45
245.17,166.12
245.16,166.12
245.13,166.15
245.15,166.15
245.18,166.18
245.16,166.12
245.12,165.91
245.1,166.04
245.09,166.11
245.1,166.11
245.08,166.12
245.04,166.07
245.01,166.07
244.99,166.06
244.98,165.96
244.97,165.96
244.97,165.96
244.9,165.74
244.9,165.75
244.89,165.78
244.89,165.8
244.79,165.52
244.78,165.27
244.77,165.38
244.78,165.86
244.85,166.07
244.91,166.2
244.91,166.2
244.92,166.08
244.9,165.83
244.82,165.83
244.8,165.85
244.79,165.79
244.79,165.71
244.79,165.73
244.83,165.96
244.88,166.05
244.89,166.06
244.89,166.13
244.89,166.13
244.84,166.13
244.84,166.13
244.87,166.14
244.87,166.14
244.87,166.14
244.87,166.2
244.86,166.2
244.85,166.26
244.86,166.22
244.84,166.13
244.77,166.06
244.76,166.13
244.77,166.22
244.76,166.23
244.76,166.22
244.78,166.12
244.78,166.13
244.74,166.14
244.69,166.09
244.68,166.09
244.67,166.02
244.69,166.02
244.76,166.12
244.72,166.13
244.73,166.13
244.68,166.11
244.6,165.82
244.55,165.87
244.44,165.99
244.45,166
244.45,166
244.49,165.98
244.63,165.98
244.63,166.03
244.65,166.09
244.63,166.1
244.62,166.02
244.57,166
244.56,166.01
244.57,165.98
244.57,165.93
244.56,165.95
244.56,165.94
244.56,165.95
244.57,165.95
244.55,165.91
244.48,165.91
244.38,165.92
244.37,165.92
244.33,165.88
244.28,165.72
244.26,165.74
244.2,165.71
244.17,165.72
244.18,165.99
244.23,166.1
244.2,166.12
244.2,166.1
244.17,166.06
244.2,166.13
244.2,166.17
244.15,166.16
244.16,166.17
244.2,166.43
244.17,166.67
244.16,166.67
244.46,166.58
244.71,166.55
245.1,166.21
245.24,166.08
245.64,166.27
245.77,166.66
245.87,166.77
246.4,166.6
247.09,166.2
247.48,166.09
247.72,166.26
247.97,166.45
248.2,166.99
248.87,167.41
249.6,167.98
250.28,168.42
250.98,169.2
251.29,169.56
251.43,169.45
251.67,169.69
251.71,169.86
251.72,170.05
251.65,170.25
251.62,170.71
251.41,171.29
250.97,172.04
250.77,172.9
250.53,173.57
250.31,174
250.19,174.25
249.99,174.39
249.25,174.42
248.52,174.6
247.93,174.6
247.41,174.47
247.28,174.18
247.18,174.15
247.11,174.15
247.01,174.16
246.78,174.18
246.64,174.13
246.47,174.16
246.33,174.16
246.22,174.08
246.1,174.03
245.96,174.04
245.94,174.05
245.94,174.04
245.96,174.02
245.96,173.94
245.96,173.8
245.95,173.79
245.92,173.79
245.92,173.79
245.92,173.78
245.94,173.76
246.01,173.7
246.11,173.63
246.23,173.36
246.29,173.18
246.29,173.18
246.29,173.17
246.35,173.12
246.41,172.97
246.58,172.76
246.67,172.75
246.69,172.77
246.72,172.77
246.81,172.83
246.81,172.83
246.79,172.78
246.77,172.69
246.74,172.55
246.76,172.33
246.75,172.28
246.73,172.2
246.73,172.23
246.72,172.34
246.72,172.32
246.71,172.02
246.7,172.02
246.68,172.08
246.68,172.17
246.67,172.24
246.69,172.16
246.7,172.12
246.69,172.03
246.7,171.95
246.67,171.78
246.68,171.85
246.69,171.85
246.67,171.55
246.69,171.35
246.72,171.38
246.66,171.11
246.68,171.07
246.67,170.97
246.68,170.96
246.74,171.06
246.75,171.06
246.71,170.9
246.7,170.9
246.7,170.93
246.79,171.1
246.78,171.04
246.8,170.99
246.79,170.99
246.7,170.89
246.74,170.94
246.77,171.03
246.78,170.99
246.79,170.99
246.75,170.82
246.73,170.72
246.75,170.8
246.76,170.81
246.74,170.8
246.61,169.99
246.55,169.42
246.44,169.28
246.47,169.73
246.48,169.93
246.6,169.78
246.6,169.78
246.61,169.82
246.61,169.84
246.64,169.92
246.64,169.92
246.64,169.92
246.06,168.94
245.47,167.8
245.25,167.22
245.26,167.35
245.33,167.7
245.57,168.25
245.7,168.59
245.84,168.75
245.87,168.8
245.89,168.66
245.91,168.86
245.97,169.05
245.97,169.05
245.97,169.02
245.98,168.87
245.98,168.87
246.03,168.99
246.03,169
246.08,169.03
246.05,169.08
246.06,169.18
246.09,169.26
246.11,169.24
246.11,169.25
246.15,169.18
246.16,169.16
246.15,169.15
246.13,169.12
246.11,169.05
246.13,169.08
246.13,169.17
246.1,169.1
246.11,169.06
246.11,169.13
246.16,169.44
246.1,169.58
246.07,169.17
246.06,169
246.02,168.95
246.01,168.98
246.04,169.05
246.04,169.02
246.02,168.84
246,168.75
246.01,168.74
246,168.72
245.99,168.68
246,168.64
245.97,168.54
245.97,168.23
245.98,168.27
246.05,168.43
246.03,168.65
245.97,168.24
245.98,168.05
245.94,168.07
245.94,168.09
245.94,168.07
245.94,168.05
245.94,168.04
245.95,168.06
245.95,168.06
245.95,167.96
245.91,167.92
245.89,167.94
245.91,168.02
245.97,168.07
245.99,168.13
245.99,168.1
245.96,168.05
245.9,167.99
245.87,167.98
245.85,168
245.85,168
245.85,167.98
245.86,167.98
245.85,167.98
245.85,167.98
245.82,167.69
245.76,167.62
245.77,167.48
245.78,167.43
245.78,167.43
245.77,167.44
245.77,167.46
245.75,167.61
245.68,167.76
245.63,167.71
245.62,167.7
245.62,167.7
245.55,167.69
245.5,167.64
245.39,167.61
245.36,167.55
245.36,167.5
245.37,167.3
245.38,167.3
245.41,167.3
245.4,167.22
245.37,166.99
245.32,166.88
245.32,166.71
245.34,166.75
245.4,167.01
245.4,167.09
245.41,167.09
245.45,167.17
245.45,167.17
245.44,167.17
245.41,167.18
245.41,167.17
245.4,167.13
245.4,167.15
245.4,167.15
245.36,167.05
245.36,167.1
245.37,167.18
245.37,167.17
245.4,167.16
245.37,167.08
245.33,166.99
245.33,167
245.34,167.03
245.34,167.03
245.33,166.99
245.29,166.92
245.29,166.92
245.27,167.09
245.27,167.1
245.27,167.07
245.29,167.03
245.27,166.88
245.28,166.88
245.3,166.94
245.3,166.95
245.3,166.87
245.3,166.83
245.3,166.87
245.3,166.85
245.22,166.83
245.22,166.83
245.22,166.83
245.22,166.86
245.24,166.9
245.24,166.93
245.25,166.99
245.24,166.94
245.24,166.95
245.25,167
245.25,166.98
245.23,166.92
245.15,166.69
245.13,166.63
245.12,166.59
245.1,166.87
245.1,166.78
245.1,166.78
245.13,166.88
245.13,167.04
245.13,167.08
245.12,167.02
245.07,166.86
245.06,166.84
245.09,166.99
245.09,166.99
245.05,166.91
245.01,166.91
245.04,167
245.09,167.08
245.11,167.17
245.11,167.17
245.11,167.16
245.11,167.16
245.11,167.16
245.14,167.19
245.19,167.2
245.16,167.2
245.16,167.2
245.19,167.29
245.18,167.35
245.19,167.44
245.17,167.62
245.18,167.58
245.17,167.63
245.16,167.65
245.16,167.55
245.16,167.54
245.18,167.37
245.18,167.41
245.18,167.39
245.21,167.37
245.21,167.37
245.22,167.36
245.21,167.29
245.22,167.32
245.26,167.27
245.26,167.27
245.28,167.32
245.3,167.38
245.36,167.53
245.34,167.81
245.34,167.79
245.35,167.79
245.35,167.91
245.34,168
245.34,168.02
245.35,168
245.36,167.93
245.35,167.98
245.35,168.1
245.36,168.13
245.43,168.24
245.41,168.2
245.38,168.09
245.36,168.12
245.32,168.11
245.31,168.07
245.3,168.09
245.3,168.14
245.28,167.86
245.27,167.86
245.23,167.9
245.18,167.96
245.13,168.07
245.13,168.07
245.14,168.02
245.14,167.99
245.14,167.93
245.06,167.95
245.05,168.05
245.06,168.08
245.05,168
245.05,167.91
245.05,167.85
245.08,167.99
245.03,168.1
245.01,168.05
244.98,167.93
245.02,168.02
245.04,168.1
245.04,168.13
245.08,168.14
245.11,168.16
245.21,168.08
245.86,168.02
246.2,167.8
246.4,167.81
247.03,167.65
247.19,167.34
247.7,167.15
247.95,167.18
248.3,167.2
248.69,167.41
249.01,167.4
249.4,167.64
249.85,167.88
250.31,168.2
250.83,168.49
251.22,169.01
251.46,169.04
251.54,169.05
251.85,169.11
251.96,169.1
252.02,169.09
251.93,168.98
251.53,168.95
251.1,169.04
250.75,169.21
250.32,169.4
249.96,169.75
249.74,169.87
249.35,169.87
249.13,169.97
248.94,170.23
248.74,170.38
248.4,170.81
247.71,170.91
247.12,170.94
246.57,170.97
246.27,171
246.09,170.99
245.94,171.01
245.75,171.04
245.56,171.05
245.36,171.07
245.28,171.08
245.28,171.08
245.26,171.09
245.2,171.1
245.15,171.08
245.14,171.08
245.16,171.08
245.18,171.08
245.17,171.09
245.16,171.09
245.22,170.93
245.22,170.93
245.23,170.95
245.27,171.01
245.29,171
245.34,170.97
245.37,170.97
245.38,170.96
245.37,170.95
245.41,170.93
245.42,170.94
245.55,170.9
245.71,170.63
245.71,170.63
245.72,170.41
245.73,170.4
245.73,170.41
245.72,170.4
245.69,170.25
245.69,170.21
245.7,170.19
245.7,170.15
245.7,170.18
245.7,170.16
245.64,169.99
245.63,170
245.63,170.04
245.63,170.1
245.66,170.15
245.66,170.13
245.66,170.14
245.67,170.2
245.66,170.2
245.65,170.21
245.62,170.25
245.62,170.25
245.65,170.27
245.65,170.16
245.65,170.16
245.61,170.24
245.59,170.32
245.59,170.32
245.59,170.43
245.59,170.4
245.6,170.37
245.62,170.4
245.64,170.38
245.63,170.39
245.62,170.47
245.61,170.69
245.62,170.73
245.67,170.84
245.66,170.87
245.67,170.88
245.67,170.87
245.73,170.76
245.75,170.78
245.81,170.89
245.79,170.84
245.78,170.83
245.82,170.78
245.83,170.83
245.81,170.89
245.79,170.88
245.76,170.85
245.76,170.85
245.76,170.89
245.77,171.03
245.76,171.1
245.78,171.11
245.78,171.08
245.79,171.06
245.75,171.06
245.75,171.07
245.73,170.98
245.74,170.97
245.75,170.95
245.75,170.95
245.71,170.98
245.71,170.99
245.72,171
245.71,171.01
245.73,171.05
245.76,171.07
245.78,171.06
245.78,171.06
245.78,171.08
245.78,171.09
245.78,171.1
245.77,171.08
245.78,171.1
245.82,171.11
245.8,171.09
245.81,171.08
245.79,171.08
245.78,171.09
245.71,171.16
245.72,171.14
245.91,171.28
247.11,171.42
246.64,171.38
246.34,171.04
246.02,171.16
245.81,171.62
246.02,172.46
245.75,174.63
244.74,178.2
243.93,181.63
242.33,185.65
240.95,189.63
239.9,192.53
237.97,195.65
236.91,197.68
235.86,199.18
234.5,200.69
234.13,201.87
233.89,202.95
232.89,204.04
232.39,205.32
231.85,206.09
231.5,207.16
231.78,208.36
231.8,209.41
231.4,210.51
231.21,211.2
230.22,212.11
229.9,213.28
229.78,214.31
229.84,214.82
229.84,214.88
229.91,214.87
230.01,215.01
230.11,215.1
230.11,215.19
230.26,215.54
230.45,215.86
230.61,215.89
230.79,216.16
230.95,216.38
231.04,216.64
231.07,216.77
231.42,216.96
231.62,217.14
231.82,217.3
231.99,217.57
232.29,217.8
232.41,217.78
232.89,217.81
232.89,217.82
233.03,217.94
233.16,217.95
233.25,217.88
233.48,217.77
233.52,217.76
233.54,217.79
233.69,217.83
233.98,217.8
234.13,217.77
234.24,217.68
234.29,217.59
234.51,217.6
234.6,217.49
234.84,216.96
234.82,216.96
234.89,216.97
234.95,216.82
235.01,216.67
234.94,216.57
235,216.27
235.04,216.19
235.11,216.04
235.16,215.97
235.32,215.91
235.37,215.94
235.61,215.89
235.55,215.82
235.71,215.68
235.86,215.6
236.27,215.1
236.25,215.11
236.33,215.16
236.46,215.15
236.39,215.12
236.62,215.08
236.56,215.08
236.65,215.02
236.77,214.89
236.82,214.84
236.82,214.79
236.9,214.69
236.9,214.65
236.9,214.62
236.86,214.57
236.86,214.57
236.8,214.55
236.85,214.5
236.88,214.19
236.98,214.16
237,214.11
237.19,214.11
237.51,213.62
237.65,212.98
237.72,212.73
237.94,212.45
238.13,212.32
238.14,212.23
238.18,211.89
238.41,211.54
238.68,210.99
238.69,210.99
238.63,210.9
238.55,210.85
238.19,210.66
239.01,210.65
238.24,210.66
237.31,211.03
238.19,211.26
238.13,211.46
238.36,211.84
238.05,212.42
237.64,212.84
237.68,213.08
238.08,213.36
238.6,213.69
239.01,213.98
239.37,214.09
239.27,214.24
239.28,214.33
239.15,214.47
239.08,214.68
239.09,214.67
239.08,214.59
239.05,214.5
239.02,214.33
239.02,214.33
238.99,214.37
238.98,214.42
238.97,214.42
238.93,214.4
238.95,214.35
239.01,214.32
238.99,214.34
238.99,214.34
238.92,214.23
238.96,214.1
238.96,213.99
238.97,213.66
239.03,213.4
239.04,213.39
239.2,213.25
239.21,213.26
239.23,213.25
239.77,212.76
239.71,212.76
239.85,212.54
239.81,212.57
239.87,212.55
239.85,212.67
239.95,212.32
239.96,212.22
239.95,212.22
239.94,212.31
239.92,212.39
239.92,212.4
239.89,212.42
239.89,212.41
239.89,212.42
239.9,212.41
239.96,212.4
239.97,212.4
239.99,212.36
239.97,212.35
239.98,212.35
240.03,212.33
240.07,212.32
240.06,212.33
240.1,212.3
240.1,212.3
240.1,212.3
240.11,212.29
240.15,212.26
240.17,212.26
240.18,212.27
240.18,212.27
240.25,212.23
240.26,212.23
240.28,212.26
240.3,212.26
240.44,212.13
240.44,212.07
240.44,212.07
240.55,212.04
240.5,212.02
240.56,211.97
240.64,211.88
240.72,211.84
240.73,211.81
240.75,211.82
240.75,211.83
240.75,211.83
240.71,211.72
240.74,211.7
240.8,211.62
240.81,211.61
240.8,211.64
240.8,211.66
240.83,211.66
240.77,211.59
240.78,211.44
240.79,211.27
240.79,211.27
240.77,211.24
240.73,211.15
240.73,211.15
240.78,211.17
240.84,211.19
240.86,211.21
240.87,211.26
240.89,211.23
240.92,211.15
240.95,211.13
241,211.06
241,211.05
240.99,210.97
240.98,210.83
240.97,210.55
240.98,210.35
240.97,210.35
240.96,210.35
240.97,210.39
241.04,210.4
241.06,210.25
241,210.12
240.99,210.12
240.92,210.04
240.95,209.99
240.96,210
240.97,210.01
240.88,209.54
240.84,209.03
240.84,209.09
240.87,209.19
240.99,209.53
240.98,209.73
240.97,209.7
240.97,209.64
241,209.6
240.98,209.53
240.95,209.21
240.95,209.25
240.95,209.27
240.97,209.27
240.95,209.27
240.96,209.26
240.92,209.23
240.87,208.97
240.87,208.97
240.86,208.71
240.83,208.72
240.79,208.69
240.73,208.66
240.7,208.65
240.68,208.65
240.66,208.69
240.68,208.69
240.71,208.4
240.72,208.25
240.74,208.22
240.74,208.12
240.71,207.88
240.73,207.92
240.73,208.02
240.71,208.07
240.71,208.08
240.73,208.09
240.73,208.01
240.7,207.75
240.7,207.74
240.71,207.66
240.67,207.17
240.68,206.98
240.71,207.05
240.71,207.11
240.74,207.21
240.82,207.17
240.82,207.17
240.85,207.25
240.86,207.63
240.86,207.87
240.86,207.98
240.91,208.08
240.94,208.09
240.96,208.11
240.96,208.11
240.96,208.14
240.96,208.12
240.95,208
240.95,207.99
240.95,207.95
240.94,207.89
240.94,207.87
240.93,207.86
240.93,207.78
240.88,207.36
240.89,207.21
240.89,207.23
240.87,207.27
240.83,207.2
240.8,207.11
240.83,207.18
240.83,207.2
240.83,207.2
240.83,207.15
240.82,207.08
240.81,206.96
240.8,206.96
240.8,206.97
240.8,206.97
240.79,206.91
240.79,206.91
240.77,206.99
240.76,206.98
240.75,206.94
240.74,206.94
240.75,206.93
240.77,206.95
240.78,206.97
240.78,206.96
240.76,206.9
240.77,206.84
240.78,206.84
240.74,206.76
240.72,206.65
240.72,206.61
240.71,206.62
240.72,206.62
240.72,206.62
240.71,206.59
240.73,206.45
240.73,206.27
240.75,206.36
240.76,206.35
240.77,206.36
240.77,206.33
240.77,206.08
240.8,206.1
240.82,206.15
240.85,206.15
240.83,206.16
240.82,206.2
240.8,206.23
240.8,206.3
240.82,206.25
240.86,206.09
240.85,206.1
240.88,206.15
240.91,206.21
240.93,206.18
240.92,206.07
240.94,206
240.94,206
240.94,206
240.9,205.93
240.89,205.92
240.86,205.89
240.84,205.87
240.85,205.9
240.86,205.86
240.8,205.69
240.77,205.61
240.74,205.06
240.74,205.05
240.75,205.07
240.74,205.01
240.74,205
240.72,204.94
240.68,204.64
240.68,204.47
240.64,204.61
240.6,204.79
240.49,204.72
240.37,204.73
240.34,204.61
240.27,204.19
240.28,204.13
240.29,204.19
240.33,204.29
240.32,204.3
240.31,204.28
240.29,204.23
240.28,204.19
240.29,204.19
240.3,204.08
240.3,204.08
240.29,203.91
240.26,203.62
240.24,203.37
240.24,203.38
240.23,203.38
240.24,203.39
240.25,203.36
240.21,203.31
240.21,203.31
240.16,203.04
240.12,203.01
240.15,203.21
240.14,203.25
240.14,203.26
240.16,203.2
240.17,203.1
240.2,203.09
240.2,203.16
240.17,203.19
240.16,203.16
240.13,203.07
240.08,202.92
240.03,202.8
240.02,202.81
240,202.77
240,202.75
240,202.74
240.02,202.82
240.02,202.9
240.05,202.95
240.04,202.96
240.04,202.96
240.05,202.96
240.04,202.93
239.97,202.79
239.97,202.79
239.98,202.78
239.99,202.78
239.98,202.79
239.95,202.79
239.92,202.67
239.88,202.55
239.88,202.35
239.8,202.37
239.74,202.33
239.71,202.03
239.68,202.05
239.67,202.1
239.68,202.15
239.69,202.2
239.67,201.92
239.68,201.71
239.71,201.64
239.76,202.02
239.74,202.19
239.7,202.44
239.68,202.35
239.67,202.06
239.64,202
239.65,202.04
239.62,202.01
239.61,201.98
239.59,201.97
239.59,201.96
239.59,201.97
239.59,201.98
239.59,201.97
239.57,201.99
239.6,202.07
239.6,202.07
239.62,202.1
239.61,202.12
239.58,202.09
239.51,202
239.32,202.06
239.3,202.06
239.29,202.06
239.26,202.07
239.26,202.05
239.26,202.03
239.2,202
239.19,201.97
239.12,201.91
239.11,201.91
239.13,201.89
239.14,201.92
239.2,202.09
239.17,202.06
239.19,202.04
239.2,202.05
239.24,202.11
239.25,202.12
239.21,202.05
239.19,202.03
239.17,202.1
239.15,202.16
239.18,202.24
239.19,202.25
239.19,202.25
239.19,202.25
239.19,202.26
239.16,202.23
239.15,202.22
239.12,202.28
239.13,202.4
239.14,202.51
239.18,202.83
239.16,202.86
239.14,202.86
239.14,202.85
239.14,202.85
239.12,202.85
239.12,202.85
239.1,202.88
239.1,202.92
239.1,202.93
239.1,202.93
239.1,202.88
239.07,202.86
239.06,202.92
239.06,202.91
239.06,202.84
239.03,202.66
239.03,202.66
239.03,202.72
239.04,202.86
239.04,202.86
239.05,202.84
238.96,202.61
238.91,202.47
238.92,202.39
238.89,202.49
238.89,202.51
238.89,202.71
238.9,202.76
238.9,202.88
238.89,202.94
238.89,202.94
238.9,202.93
238.9,202.92
238.9,202.92
238.84,202.83
238.78,202.4
238.79,202.28
238.79,202.42
238.76,202.49
238.76,202.72
238.77,202.77
238.76,202.77
238.81,202.81
238.83,202.86
238.86,202.87
238.88,202.86
238.88,202.85
238.86,202.82
238.85,202.83
238.85,202.94
238.91,202.99
238.92,203.04
238.97,203.16
239,203.21
238.97,203.25
238.98,203.27
238.94,203.18
238.95,203.15
238.97,203.15
239,203.21
238.98,203.2
238.96,203.19
238.96,203.19
238.99,203.21
238.99,203.27
238.99,203.26
238.97,203.22
238.98,203.22
238.98,203.22
238.98,203.24
238.97,203.25
238.94,203.16
238.94,203.2
238.98,203.31
238.96,203.31
238.96,203.28
238.98,203.27
238.99,203.28
238.98,203.32
238.97,203.37
238.96,203.37
238.97,203.35
238.99,203.35
239.07,203.35
239.05,203.42
239.04,203.43
239.04,203.42
239.03,203.35
239.03,203.35
239.01,203.45
239,203.49
239.01,203.71
239.04,203.73
239.05,203.73
239.05,203.73
239.03,203.85
239.03,203.85
239.01,203.67
239.01,203.62
239.02,203.42
239.02,203.48
239.01,203.63
239,203.77
239,203.73
239,203.73
239,203.74
239,203.61
238.96,203.55
238.95,203.37
238.95,203.36
238.95,203.37
238.95,203.44
238.95,203.44
238.99,203.54
239.05,203.95
239.11,204.01
239.21,204.06
239.26,204.03
239.37,204.03
239.99,203.91
240.23,203.84
240.46,203.74
240.76,203.54
240.89,203.24
241.16,203.14
241.18,203.15
241.65,203.14
242.13,203.08
242.63,203.06
242.73,203.06
243.16,202.9
243.61,202.88
244.15,202.93
244.83,203.11
245.4,203.11
246.36,203.07
247.15,203.06
248.1,202.84
249.03,203.04
249.83,203.4
250.46,204.04
251.01,204.45
251.39,204.85
251.59,204.98
251.64,205.29
251.74,205.48
251.77,205.68
251.64,205.33
250.66,205.15
249.61,205.12
248.52,205.11
247.81,204.94
247.69,204.71
247.48,204.63
247.13,204.34
246.88,204.3
246.39,204.34
245.96,204.43
245.68,204.52
245.25,204.74
245.08,204.8
244.79,204.84
244.7,204.96
244.24,205.03
244.08,205.1
243.83,205.17
243.66,205.19
243.34,205.26
243.3,205.26
243.24,205.25
243.24,205.23
243.26,205.21
243.26,205.19
243.26,205.19
243.22,205.14
243.16,205.13
243.18,205.11
243.22,205.08
243.26,204.99
243.34,204.96
243.34,204.96
243.34,204.98
243.35,204.98
243.34,204.97
243.44,204.92
243.44,204.93
243.62,204.92
243.62,204.92
243.65,204.87
243.67,204.81
243.67,204.8
243.67,204.79
243.69,204.81
243.69,204.8
243.71,204.78
243.81,204.77
243.88,204.79
244,204.82
244.06,204.78
244.06,204.75
244.13,204.74
244.16,204.82
244.16,204.82
244.2,204.9
244.2,204.89
244.23,204.88
244.32,204.84
244.38,204.73
244.38,204.73
244.38,204.71
244.39,204.7
244.39,204.62
244.38,204.46
244.39,204.24
244.39,204.33
244.41,204.38
244.4,204.4
244.4,204.41
244.4,204.48
244.38,204.67
244.4,204.43
244.47,204.22
244.58,204.26
244.58,204.29
244.57,204.34
244.56,204.41
244.51,204.37
244.38,204.33
244.48,204.32
244.48,204.32
244.6,204.25
244.6,204.22
244.61,204.26
244.67,204.32
244.68,204.32
244.68,204.17
244.6,203.95
244.6,203.96
244.56,203.97
244.54,204.02
244.55,204.02
244.56,204.03
244.61,204.1
244.61,204.15
244.68,204.24
244.73,204.31
244.75,204.34
244.76,204.38
244.76,204.43
244.77,204.48
244.78,204.61
244.84,204.6
244.84,204.6
244.85,204.6
244.84,204.69
244.85,204.75
244.85,204.75
244.89,204.72
244.92,204.66
244.91,204.6
244.9,204.63
244.91,204.65
244.92,204.65
244.98,204.69
244.99,204.71
245.02,204.75
245.02,204.76
245.01,204.72
244.99,204.62
244.99,204.62
244.99,204.62
244.99,204.66
245.01,204.71
245.01,204.76
245.01,204.71
245.03,204.55
245.02,204.22
244.99,204.23
244.99,204.24
245.04,204.35
245.05,204.34
245.06,204.3
245.04,204.35
245.03,204.42
245.03,204.44
245.03,204.38
245.02,204.28
244.98,204.26
244.98,204.27
244.98,204.27
244.98,204.34
244.96,204.44
244.95,204.64
244.95,204.69
244.95,204.69
244.95,204.64
244.96,204.64
244.98,204.64
244.99,204.65
244.94,204.67
244.94,204.67
244.94,204.66
244.96,204.64
244.96,204.65
244.96,204.73
244.96,204.74
244.96,204.75
244.95,204.67
244.94,204.65
244.94,204.7
244.95,204.78
244.91,204.81
244.9,204.77
244.89,204.77
244.89,204.83
244.88,204.87
244.88,204.91
244.88,204.92
244.89,204.99
244.88,205.01
244.88,205.03
244.87,205.04
244.84,204.99
244.79,205
244.79,205.1
244.76,205.1
244.76,205.09
244.74,205.04
244.74,204.97
244.74,204.98
244.73,204.9
244.72,204.91
244.7,205
244.67,205.1
244.67,205.11
244.59,205.17
244.55,205.09
244.41,205
244.41,204.96
244.4,204.97
244.34,204.98
244.34,205
244.34,205.07
244.32,205.17
244.32,205.32
244.33,205.39
244.3,205.7
244.32,205.73
244.32,205.69
244.3,205.68
244.3,205.69
244.32,205.69
244.32,205.68
244.32,205.68
244.29,205.68
244.28,205.7
244.24,205.7
244.21,205.7
244.18,205.67
244.14,205.75
244.14,205.83
244.14,205.92
244.11,206.09
244.09,206.15
244.03,206.15
243.97,206.06
243.9,205.96
243.9,206.01
245.3,205.62
246.18,205.59
247.18,205.26
248.01,205.43
248.64,205.86
249.24,206.42
250.13,207.08
250.87,207.64
251.58,207.67
251.96,207.66
252.2,207.81
252.65,208.03
252.66,208.06
252.6,207.94
252.45,207.83
252.07,207.65
251.69,207.51
251.17,207.27
250.69,207.14
250,206.99
249.18,206.96
248.36,206.93
247.59,206.89
247,206.91
246.44,206.97
246.09,206.97
245.86,206.89
245.72,206.82
245.67,206.74
245.34,206.39
245.2,206.08
245.13,206.06
245.06,206.08
245.02,206.07
245.01,205.93
245.04,205.63
245.1,205.11
245.14,205.09
245.06,205.19
244.89,205.55
244.88,205.78
244.85,205.9
244.87,205.95
244.88,206.11
244.85,206.21
245.2,206.43
245.06,206.66
244.67,206.85
244.31,207.08
244.01,208.02
243.87,210.5
243.49,212.36
242.6,215.64
242.18,221.23
244.58,226.31
244.08,233.5
242.61,237.69
240.17,239.18
238.6,240.41
237.98,241.48
237.95,241.61
237.53,242.38
236.53,243.41
235.2,244.69
234.76,245.69
234.79,246.16
234.94,246.56
235.43,246.26
236.81,245.76
237.4,245.13
238.1,244.74
239.14,243.88
239.79,243.24
240.15,242.82
240.79,242.39
241.45,242.07
