346.853791,181.366426
347.05,181.05
347.07,181.05
347.13,181.12
347.22,181.09
347.23,181.06
347.22,181.11
347.23,181.19
347.22,181.21
347.24,181.22
347.28,181.22
347.25,181.26
347.31,181.35
347.32,181.49
347.3,181.83
347.56,181.92
348.01,181.92
348.06,181.93
348.08,181.99
348.12,182.04
348.09,182.07
348.12,182.06
348.23,182.08
348.23,182.07
348.28,181.99
348.28,181.9
348.28,181.91
348.33,181.7
348.31,181.12
348.35,180.9
348.13,180.62
348.02,180.02
348.04,179.77
347.79,179.2
347.6,179.03
347.18,179.09
347.14,178.98
347.11,178.9
347.09,178.84
347.07,178.81
347.01,178.7
347.02,178.71
346.87,178.66
346.81,178.63
346.81,178.63
346.73,178.63
346.67,178.57
346.66,178.56
346.44,178.58
346.02,178.72
345.95,178.7
345.97,178.66
346.01,178.72
346,178.72
346.08,178.64
346.11,178.61
346.1,178.6
346.01,178.53
346.01,178.23
346.06,178.19
345.99,178.15
346,178.14
346,178.12
346.02,178.12
346.05,178.21
346.07,178.2
346,178.13
346.01,178.18
346.01,178.18
346,178.23
345.94,178.22
345.96,178.23
345.89,178.29
345.76,178.27
345.77,178.27
345.38,178.76
344.67,179.88
344.19,180.39
343.77,181.43
343.1,182.59
342.68,183.21
342.38,184.07
342.38,184.99
342.39,185.29
342.74,185.53
343.44,185.54
343.86,185.55
344.1,185.05
344.1,184.17
344.13,183.59
343.92,182.38
343.01,180.28
342.5,179.83
341.98,178.47
341.27,176.7
341.34,176.16
340.69,174.97
338.88,174.07
338.21,174.05
337.3,174
336.34,173.97
336.1,173.98
336.24,173.87
335.72,173.92
335.28,173.97
334.18,174.24
332.76,174.97
331.76,175.66
330.7,176.59
328.45,178.41
327.65,178.94
326.88,180.11
326.28,181.08
326.27,181.35
326.15,181.74
326.13,181.71
326.17,181.73
326.68,181.62
328.46,180.76
329.43,180.31
331.28,179.56
333.69,178.58
334.64,178.16
336.43,177.23
338.96,175.88
340.17,175.38
342.18,174.77
344.21,173.85
344.88,173.48
345.66,173.54
346.04,173.99
346.37,174.14
346.69,175.45
346.52,177.25
346.21,177.67
345.94,178.87
345.94,180.56
345.89,181.24
345.78,181.95
345.92,182.43
345.92,182.44
346.1,182.37
346.37,181.74
346.75,181.32
346.62,180.61
346.01,178.88
345.97,178.3
345.76,177.13
345.55,175.65
345.2,175.16
345.14,174.15
345.18,173.23
345.24,173.16
345.22,173.08
345.22,172.99
345.19,172.99
345.18,173.6
345.24,175.5
345.23,176.01
345.29,177.71
345.41,179.56
345.84,180.26
345.96,181.58
346.25,182.95
346.46,183.2
346.69,183.55
346.88,183.45
346.91,183.11
347.36,182.75
347.99,181.62
348.13,181.15
348.11,179.9
348.19,178.43
348.25,177.91
348.94,177.07
349.38,176.93
349.92,177.12
350.04,177.63
349.98,178.96
349.9,179.59
349.55,180.48
349.46,181.64
349.52,182.31
349.86,182.95
349.99,183.5
349.99,183.5
350.82,183.54
351.92,182.75
352.56,182.23
352.94,181.08
353.23,179.19
353.64,178.57
354.14,177.48
355.03,176.08
355.2,175.91
355.15,175.09
355.09,174.23
355.12,174.11
355.07,173.92
355.36,173.62
355.94,173.21
356.05,173.16
356.04,173.12
356.05,173.12
356.1,173.12
356.1,173.15
356.14,173.14
356.16,173.23
356.11,173.28
356.12,173.29
356.08,173.75
355.97,175
355.94,175.61
355.57,176.7
354.93,178.53
354.49,179.09
354.29,179.99
354.26,180.89
354.27,181.07
354.42,180.99
355.28,181.01
355.62,181.02
356.07,180.86
356.84,180.39
356.84,180.08
357.04,179.34
357.35,177.89
357.77,177.36
357.88,176.74
357.89,176.15
357.91,176.14
357.79,176.23
357.43,176.82
357.08,177
357.15,177.84
356.95,179.67
356.9,180.31
356.65,181.11
356.35,182.2
356.34,182.62
357.31,182.62
358.67,182.59
359.26,182.57
360.29,181.9
361.19,180.36
361.56,179.81
361.63,178.73
361.62,177.57
361.68,177.03
361.92,176.18
361.97,175.29
361.99,175.21
362.06,174.93
362.34,174.75
362.75,174.72
362.77,174.57
362.95,174.1
362.96,174.09
362.83,173.97
363.02,173.9
363.02,173.91
363.12,173.79
363.21,174.05
363.21,174.06
363.72,175.77
363.88,177.53
363.84,178.1
363.56,179.59
363.06,181.64
363.04,182.17
362.69,183.41
362.35,184.63
362.38,184.67
363.14,184.7
364.49,184.59
364.87,184.56
365.92,183.86
366.9,182.47
367.02,181.85
367.04,180.82
367.56,179.77
367.98,179.39
369.06,178.83
372.11,178.35
372.74,178.3
375.2,178.41
378.92,179.3
379.3,179.68
380.9,181.21
381.47,183.15
381.43,183.53
381.81,183.94
381.91,184.04
381.91,184.04
381.57,183.82
381.22,182.93
381.23,182.44
381.23,181.38
381.23,180.12
381.19,179.85
381.04,179.19
380.9,178.96
380.9,178.96
381.06,178.76
380.98,178.7
380.99,178.7
381.11,178.41
381.03,178.02
381.04,178.01
381.02,178.06
381.45,178.19
381.84,178.2
381.82,178.52
381.22,179.29
381.02,179.71
380.6,180.18
379.85,181.22
379.59,181.64
379.37,182.13
379.31,182.73
379.31,182.72
379.38,182.87
379.28,182.96
379.28,182.94
379.2,182.75
378.93,182
378.92,181.54
378.55,180.92
377.84,179.96
377.58,179.69
377.15,179.13
376.94,178.92
376.92,178.91
376.51,178.61
376.3,178.13
376.24,178.13
376.45,178.12
376.93,178.56
376.87,178.87
377.15,179.52
377.35,180.42
377.6,180.8
377.73,181.41
378.07,182.18
378.02,182.54
378.17,182.7
378.6,182.75
378.81,182.74
379.14,182.58
379.35,181.81
379.49,181.43
379.15,180.86
378.98,180.04
379.01,179.75
378.58,179.22
378.07,178.91
378.09,178.89
377.96,178.66
377.7,178.03
377.4,177.83
376.85,177.98
375.75,178.05
375.39,178.05
374.83,178.08
373.83,177.87
373.52,177.89
373.55,177.94
373.28,177.98
373.2,178.02
373.25,177.95
373.92,177.99
374.18,177.97
375.29,178.09
376,178.33
376.06,178.73
376.29,178.83
377.34,178.7
377.53,178.66
378.52,178.1
381.18,178.11
381.77,178.06
384.16,178.94
386.9,180.34
387.46,180.74
388.81,181.28
390.91,181.95
391.35,182.16
393.21,182.33
394.65,182.59
394.64,182.49
395.22,181.74
395.79,180.99
395.86,180.74
395.63,180.15
394.62,179.76
394.35,179.44
393.89,179.27
392.91,179
392.57,179.01
392.4,178.93
392.73,178.93
393.08,178.91
393.6,179.21
394.58,179.91
394.83,180.43
394.77,181.11
393.54,182.42
393.38,183.02
391.75,184.37
389.47,186.32
388.77,186.98
387.14,188.55
383.55,191.2
382.95,191.78
381.57,193.15
382,194.23
382.09,194.56
383.44,194.74
386.55,194
386.87,193.43
388.87,191.05
389.97,188.49
389.99,187.93
390.28,186.57
391.61,185.26
392.14,185.1
393.85,184.81
397.21,184.58
397.9,184.13
399.48,184.21
399.97,184.77
399.92,185.02
399.81,185.76
399.7,186.13
399.69,186.47
399.47,186.63
398.71,186
398.6,185.85
397.16,185.17
396.03,184.26
395.8,183.77
395.24,183.13
394.9,182.79
394.97,182.4
394.44,181.96
393.98,181.61
394.04,181.24
393.89,181.06
393.68,180.87
393.37,180.88
393.1,180.72
393.04,180.68
393.02,180.73
393.2,180.63
393.23,180.6
393.25,180.59
393.12,180.68
393.13,180.92
393.11,180.91
392.91,181.01
392.92,181.09
392.84,181.06
392.84,181.04
392.76,180.96
392.74,180.96
392.27,180.99
391.54,180.97
391.28,180.98
391.08,181.17
391.22,181.93
391.12,182.45
391.34,183.26
391.39,184.31
391.37,184.69
391.36,185.39
391.22,186.42
391.21,186.8
391.66,187.31
391.66,187.98
391.72,188.1
391.82,188.05
391.81,188.06
391.8,188.07
391.18,187.52
390.75,186.45
390.58,186.18
389.8,185.05
389.28,183.59
389.39,183.07
388.85,182.19
388.47,181.31
388.54,181.24
388.42,181.08
388.35,180.78
388.33,180.8
388.25,180.36
388.16,180.01
388.16,180
388.18,179.81
388.29,179.85
388.28,179.86
388.21,179.93
388.38,180.05
388.35,180.04
388.55,180.07
389.02,180.13
389.03,180.15
388.94,180.12
388.87,180.13
388.91,180.14
388.91,180.1
388.75,180.15
388.71,180.14
388.7,180.18
388.58,180.42
388.42,180.84
388.3,181.14
388.41,181.79
388.38,182.01
388.01,182.52
387.81,183.4
387.8,183.8
387.67,184.19
387.75,185.06
387.78,185.28
387.85,185.71
387.78,185.87
387.74,185.88
387.82,185.89
387.66,185.69
387.68,185.7
387.52,184.58
386.85,183.23
386.69,182.74
386.18,181.75
385.81,180.24
385.71,179.78
385.44,179.07
384.74,178.2
384.54,178.12
384.08,177.87
383.62,177.67
383.46,177.32
383.07,177.11
382.84,176.99
382.85,176.95
382.8,176.84
382.51,176.78
382.29,176.8
382.24,176.76
382.24,176.68
382.18,176.75
382.03,176.67
381.77,176.65
381.8,176.65
381.76,176.59
381.81,176.6
381.81,176.58
381.62,176.6
381.39,176.46
381.39,176.13
381.39,176.08
381.29,176.11
381.31,176.11
381.31,176.29
381.24,176.96
381.16,177.43
381.2,177.93
381.33,178.74
381.3,179.01
381.32,180.69
381.24,182.84
381.21,183.45
381.31,185.05
381.44,186.76
381.42,187.43
381.6,188.15
382.02,188.95
382.01,189.13
382.83,188.97
383.64,187.94
383.8,187.45
383.29,185.63
382.44,182.81
382.31,182.39
381.89,180.39
381.12,178.79
380.95,178.47
380.29,177.66
379.8,176.75
379.56,176.4
379.3,175.98
379.35,175.75
379.38,175.39
379.07,175.17
378.9,174.91
378.84,174.86
378.81,174.57
378.62,174.14
378.4,174.16
378.06,174.06
378.28,174.03
378.28,174.02
378.23,174.05
378.05,173.99
378.06,174
378.03,174.05
378.02,174.19
378.03,174.19
378.04,174.72
378.11,175.5
378.11,175.83
377.99,176.2
378.06,177.15
377.94,177.44
378.05,178.22
378.17,179.5
378.12,179.96
378.16,181.09
378.39,182.38
378.48,182.79
378.97,183.42
379.94,184.11
380.08,184.43
381.01,184.55
382.47,184.32
382.55,184.02
383.32,183.34
382.7,181.13
382.48,180.67
381.92,178.89
381.52,176.97
381.59,176.77
381.58,175.83
381.3,174.8
381.07,174.56
381,174.03
381.63,174.09
381.82,174.08
383.13,174.81
384.3,176.47
384.37,176.85
384.56,177.91
384.98,179.5
384.92,180.08
385.47,180.8
386.01,181.01
386.09,180.83
385.75,180.71
384.89,179.86
384.77,179.52
383.92,178.52
382.88,177.2
382.63,176.73
382.5,175.94
382.15,175.04
382.19,174.79
381.89,174.44
381.63,174
381.5,174.01
381.35,174.02
381.39,174.02
381.39,174.03
381.32,173.87
381.3,173.87
381.38,173.92
381.35,173.9
381.29,173.93
381.29,173.9
381.55,173.9
381.48,173.84
381.32,173.87
381.18,173.96
381.37,173.89
381.42,173.89
381.74,173.79
381.94,173.83
381.96,173.83
381.74,173.83
381.79,173.82
381.97,173.86
381.85,173.88
381.81,173.85
381.84,173.86
382.15,174
382.68,174.4
382.91,174.78
383.08,175.37
383.49,176.5
383.66,177.09
383.72,178.29
383.7,179.78
383.64,180.32
383.86,181.21
384.16,182.05
384.15,182.33
384.43,182.63
384.79,182.58
384.92,182.63
384.94,182.44
385.02,181.3
385.1,180.87
384.65,179.78
383.88,178.45
383.67,178.02
383.02,177.03
382.52,176.1
382.56,175.91
382.14,175.86
381.86,175.61
381.91,175.2
381.75,175.08
381.29,175.04
381.11,175.1
380.46,175.34
379.85,176.26
379.62,176.65
379.09,177.31
378.93,178.9
378.84,179.37
378.63,180.2
378.34,180.88
378.34,181.05
378.68,181
379.66,180.95
379.81,180.9
380.21,180.79
380.59,180.11
380.59,179.94
380.54,179.11
380.24,178.01
380.25,177.88
379.97,177.56
379.65,176.87
379.56,176.62
379.44,176.34
379.12,176.22
379.12,176.21
379.19,176.2
379.06,176.2
379.09,176.21
379.02,176.19
378.98,176.22
378.99,176.22
379.46,176.19
379.71,176.37
379.71,176.78
379.89,176.95
380.03,177
380.02,177.01
379.96,177.01
380.01,176.98
380.05,177
379.87,176.96
379.7,176.96
379.74,176.97
379.58,176.95
379.58,177.06
379.7,177.02
379.9,177.88
379.65,179.81
379.39,180.38
378.8,182.57
378.56,185.25
378.57,185.62
378.62,187.42
378.82,189.33
378.81,189.75
379.34,190.5
380.38,191.15
380.62,191.36
382.17,191.29
383.7,189.73
383.93,189.27
383.81,187.2
383.31,184.87
383.19,184.69
383.23,183.22
383.27,182.07
383.29,181.93
383.15,181.57
383.16,181.08
383.16,181.07
383.32,181.04
383.31,181.03
383.31,181.04
383.36,181.05
383.58,180.99
383.94,180.97
383.81,180.93
383.8,180.98
383.77,180.97
383.72,180.97
383.77,181.14
383.85,181.17
383.96,181.31
384,181.68
383.94,181.92
383.91,182.33
384.12,182.84
384.31,182.9
384.29,183.01
384.32,183.09
384.33,183.1
384.19,183.17
384.08,183.3
384.04,183.34
384.05,183.55
383.73,184.03
383.39,184.04
383.13,184.47
382.69,185.38
382.56,185.76
382.48,186.66
382.06,187.82
382.05,188.28
381.88,188.91
382.01,189.49
382.01,189.48
382.89,189.76
384.14,189.82
384.26,189.84
384.82,189.76
385.06,188.85
385.01,188.41
384.81,187.78
384.83,186.71
384.86,186.34
383.87,185.74
382.73,185.08
382.42,184.89
381.79,184.83
381.19,184.86
381.16,184.86
380.9,184.74
380.19,184.54
380.07,184.23
379.32,184.11
378.32,184.21
377.98,184.25
377.25,184.74
376.14,185.2
375.77,185.6
374.19,185.97
371.91,186.45
371.44,186.84
369.86,187.3
367.98,188.71
367.69,189.38
366.52,190.48
365.24,192.38
365.13,192.89
364.64,194.18
364.94,195.14
365,195.49
367.06,195.67
370.06,195.76
370.34,195.72
372.83,195.1
374.57,193.06
374.7,192.61
374.86,190.24
374.68,187.76
374.8,187.37
374.11,186.03
373.08,184.89
372.75,184.71
371.71,184.06
370.84,183.4
370.65,183.42
370.31,183.21
369.71,183.17
369.42,183.17
368.93,183.24
368.12,183.43
368,183.87
367.64,184.55
366.77,186.46
366.44,186.97
365.72,188.33
365.22,190.39
365.24,190.87
365.04,192.17
365.86,193.14
365.99,193.37
367.57,193.63
369.66,193.58
369.81,193.47
371.45,192.68
373.12,190.66
373.36,190.11
373.75,188.01
374.07,186.58
374.09,186.6
373.24,186.46
372.12,186.52
371.64,186.85
370.96,186.82
369.65,187.24
369.26,187.66
368.09,188.65
367.44,189.93
367.6,190.11
367.91,190.43
368.71,190.41
368.89,190.1
369.9,190.03
371.15,189.37
371.33,189.08
372.07,188.49
372.78,187.79
372.73,187.44
372.85,186.85
373.08,186.35
373.08,186.36
373.13,186.21
373.08,186.24
373.09,186.24
372.99,186.34
372.51,187.08
372.23,187.58
371.58,188.16
370.67,189.57
370.43,190.06
369.25,191.61
367.46,194.34
367.25,194.87
365.89,196.28
365.31,198.03
365.31,198.23
365.54,199.05
366.84,199.58
366.95,199.55
369.02,199.42
371.15,198.38
371.18,198.06
372.14,196.17
372.68,193.8
372.79,193.39
372.65,192.11
372.75,191.06
372.81,190.9
372.71,190.78
372.05,190.71
371.97,190.74
372.09,191.29
372.33,192.25
372.6,192.57
372.55,192.6
371.84,192.53
371.53,192.23
371.44,192.87
371.05,193.48
371.03,193.81
371.05,193.86
371.45,193.98
371.72,193.98
372.36,193.91
373.18,193.69
373.31,193.64
373.88,193.25
374.01,192.44
374.06,192.17
373.95,191.71
373.92,190.99
373.96,190.79
373.95,190.41
373.69,190.12
373.42,190.14
373.22,190.02
372.92,189.94
372.9,189.95
372.96,189.9
372.89,189.94
372.98,189.93
372.65,189.87
372.22,189.86
372.24,189.86
371.62,190.01
371.16,190.1
371.18,190.09
370.99,190.24
370.44,190.74
370.16,190.96
369.51,191.54
368.46,192.53
368.25,192.86
367.55,193.33
367.15,194.27
367.1,194.63
367.05,195.04
366.98,195.56
366.98,195.9
367.19,196.09
368.19,196.19
368.49,196.16
369.59,196.13
371.11,195.82
371.2,195.77
372.13,195.01
372.75,193.5
372.75,193.04
372.54,192.14
372.3,191.33
372.32,191.32
372.22,191.02
372.47,190.95
372.72,190.92
372.83,190.69
372.93,190.64
372.94,190.64
372.77,190.96
372.34,191.75
372.08,192.02
371.79,192.93
370.92,194.92
370.66,195.42
370.05,197.05
369.15,199.59
369.01,199.98
368.96,201.61
368.71,203.65
368.36,204.08
368.32,204.9
368.93,205.71
369.12,205.84
369.92,205.64
371.43,204.37
371.66,203.73
371.82,201.3
371.76,198.09
371.82,197.5
371.54,195.5
370.88,194
370.78,193.8
370.84,193.09
370.9,192.55
370.9,192.55
370.97,192.61
371.08,192.93
371.04,192.92
371.05,192.96
371.34,192.92
371.64,192.88
371.75,192.91
371.68,192.94
371.67,192.95
371.86,192.96
371.88,192.93
371.86,192.9
371.97,192.94
372.03,192.89
372.06,192.9
372.16,193.05
372.18,193.05
372.32,193.03
372.75,193.15
373.23,194.16
373.36,194.61
373.33,195.26
372.42,196.41
372.13,196.78
371.91,197.49
371.82,198.59
371.76,199.12
371.59,200.07
371.14,201.1
371.17,201.41
371.31,201.98
372.13,202.52
372.34,202.48
373.69,202.45
375.07,201.72
375.17,201.37
376.06,199.82
376.06,198.06
376.04,197.68
375.57,196.57
375.01,195.77
374.81,195.46
375.02,195.02
374.89,194.89
374.87,194.89
374.45,194.77
374.23,194.91
374.24,194.92
374.24,195.21
374.09,195.45
373.97,195.83
374.66,195.68
374.86,195.06
374.88,194.92
375.07,193.99
375.06,193.09
375.13,192.91
375.04,192.52
374.86,191.93
374.94,191.66
375.01,191.23
374.9,191.19
374.88,191.29
374.93,190.99
374.71,190.88
374.71,190.85
374.47,190.77
374.42,190.78
374.42,190.77
374.78,190.94
375.05,191.52
375.01,191.88
374.99,192.7
374.96,193.9
374.91,194.33
375.05,195.17
375.95,196.21
376.27,196.41
377.29,196.87
378.83,196.87
379.13,196.83
379.8,196.26
380.15,194.84
380.37,194.51
380.17,193.12
379.67,191.68
379.46,191.44
378.97,190.72
378.88,189.88
378.85,189.62
378.2,189.24
377.37,188.8
377.14,188.47
376.45,188.17
376.18,188.04
376.2,188.04
376.25,188.06
376.37,188.36
376.37,188.7
376.36,188.9
376.05,188.92
376.08,188.93
375.92,188.78
375.85,188.66
375.83,188.69
375.75,188.71
375.55,188.85
375.39,188.85
375.26,188.86
374.9,188.76
374.94,188.76
374.84,188.73
375.27,189.32
375.49,189.61
375.7,189.74
375.7,189.64
375.75,189.54
375.83,189.21
375.7,189.09
375.75,189.09
375.75,189
375.7,188.88
375.7,188.88
375.44,188.82
375.05,188.78
375.03,188.79
375.09,188.69
374.71,188.57
374.35,188.19
374,188.11
373.79,188.07
373.8,188.06
373.25,187.97
373.15,187.93
373.14,187.93
372.92,187.97
372.69,188.03
372.36,188.01
372.24,187.92
371.74,187.86
371.38,187.88
370.95,187.86
370.11,187.84
369.83,187.88
369.5,187.94
369.25,187.95
369.17,187.95
369.17,187.92
369.26,187.94
369.24,187.95
369.14,188.05
369.18,188.04
369.18,188.04
369.22,188.04
369.15,188.1
369.16,188.11
369.17,188.09
369,188.17
368.8,188.21
368.51,188.29
368.16,188.52
368.12,188.86
368.32,189.26
368.89,190.26
369.03,190.56
369.59,191.23
370.77,192.08
371,192.31
372.14,192.59
373.56,192.8
373.81,192.75
376.11,192.96
378.04,192.94
378.17,192.91
379.32,192.74
380.05,192.29
380.16,192.06
380.72,192.02
381.39,191.98
381.67,191.94
381.95,192.28
383.06,194.13
383.36,194.59
384.89,195.94
386.18,197.22
386.32,197.61
387.5,198.31
388.11,198.73
388.21,198.72
389.1,199.05
390.8,199.27
390.96,199.61
393.99,200.35
393.95,201.05
393.8,201.41
394.47,203.23
393.8,206.52
393.33,207.15
392.4,212.65
392.16,215.09
392.21,215.03
392.88,216.78
393.3,219.26
393.49,219.6
393.98,220.89
394.23,222.76
394.33,223.08
394.4,225.67
393.72,228.4
393.5,228.93
393.41,229.9
393.33,230.14
393.29,230.17
393.7,229.94
394.68,230.07
395.09,230.01
396.97,231.52
398.56,232.95
398.59,233.09
399.55,234.03
400.57,234.79
400.93,234.89
401.09,235.01
401.16,235.11
401.15,235.11
401.21,235.2
401.2,235.13
401.1,235.12
400.73,235.01
399.65,234.94
399.31,234.95
398.99,234.89
398.95,234.86
398.99,234.88
399.83,234.88
400.03,235.34
400.05,235.68
400.62,236.11
401.04,236.73
401.03,236.73
401.16,236.83
401.06,237
401.06,236.99
401,237
400.08,236.88
399.66,236.94
398.81,236.26
397.13,235.3
396.74,235.01
395.88,234.54
394.62,233.83
394.3,233.64
393.75,233.39
393.19,233.12
393.15,233.1
393.2,233.14
394.13,233.28
394.54,233.26
395.1,233.66
395.21,234.47
395.02,234.85
395.22,235.32
395.34,236.29
395.3,236.62
395.75,237.08
396.44,237.77
396.69,237.78
396.78,237.86
396.43,237.78
396.24,237.81
395.77,237.25
394.61,236.26
394.4,235.88
393.17,234.97
392.01,234.03
391.77,233.94
390.86,233.75
390.15,233.52
390.04,233.15
389.88,233.04
389.7,233.07
389.71,233.08
389.15,233.03
389,233.08
388.97,233.1
388.39,233.07
388.06,233.17
388.16,233.15
388.08,233.15
388.03,233.15
388.01,233.15
387.68,233.24
387.38,233.31
387.4,233.31
387.64,233.32
387.34,233.25
387.16,233.29
387.13,233.3
387.46,233.24
387.75,233.21
387.62,233.24
387.73,233.32
387.85,233.37
388.21,233.52
388.66,233.93
388.7,233.93
388.83,233.98
388.92,234.06
388.96,234.09
388.9,234.16
389.64,234.25
389.82,234.22
390.64,234.55
392.73,235.9
393.3,236.14
395.15,237.31
397.26,238.66
397.58,238.97
398.93,239.86
400.17,241
400.35,241.25
400.82,241.8
400.94,241.97
400.9,241.97
400.81,241.97
399.71,241.23
399.44,241.09
397.86,239.57
395.98,237.77
395.61,237.62
394.67,236.76
393.29,235.8
392.81,235.58
392.2,235.04
391.52,234.71
391.17,234.42
390.92,234.23
390.65,234.12
390.4,234.15
390.36,233.99
390.33,233.92
390.32,233.86
390.26,233.84
390.73,233.96
391.02,233.94
391.26,233.94
391.99,234.28
392.1,234.6
392.21,235.23
392.55,236.08
392.86,236.29
393.32,237.09
394.21,238.14
394.52,238.47
395.11,239.18
395.99,240.13
396.1,240.34
396.62,241.07
397.63,241.99
397.92,242.14
398.17,242.45
398.59,243.12
398.88,243.4
399.28,243.45
399.62,243.33
399.59,243.11
399.4,242.56
397.31,240.45
396.96,240.07
394.49,237.98
392.27,235.86
392.03,235.74
390.8,234.5
389.9,233.32
389.7,233.34
389.09,232.93
389.03,232.66
388.91,232.32
388.8,232.22
388.51,232.07
388.35,232.09
388.27,231.95
388.78,231.95
388.94,231.97
389.1,232.08
389.45,232.29
389.78,232.27
390.28,232.5
390.54,232.91
390.58,232.89
390.38,232.97
390.3,233.17
390.23,233.26
390.38,233.62
390.78,234.48
390.98,234.78
391.27,235.34
391.53,236.24
391.52,236.54
391.67,237.1
391.8,237.59
391.85,237.63
391.99,237.59
392.07,237.42
392.07,237.18
392.02,236.55
390.92,234.98
390.59,234.61
389.86,233.69
388.82,232.42
388.63,232.04
387.9,231.17
387.45,230.63
387.45,230.63
387.22,230.68
387.07,230.53
387.07,230.17
386.9,230.11
386.72,229.97
386.66,229.97
386.59,229.94
386.35,229.91
386.14,229.93
386.15,229.86
387.03,229.87
387.39,229.79
387.63,230.32
388.28,231.29
388.53,231.62
388.96,232.21
389.35,233.22
389.63,233.56
390.03,234.11
390.31,235.03
390.56,235.24
390.85,235.92
391.09,236.69
391.14,236.76
391.42,237.16
392.11,237.74
392.2,237.7
392.17,237.86
392.08,237.82
392.07,237.82
390.95,236.34
389.01,233.86
388.73,233.58
387.33,232.2
386.05,230.95
385.78,230.68
384.94,229.96
384.32,229.35
384.23,229.36
384.03,229.13
383.77,229.05
383.78,229.05
383.5,228.92
383.09,228.78
383.05,228.75
382.94,228.59
383.19,228.2
383.02,228.19
383.18,228.37
383.73,228.96
383.9,229.08
384.4,230.03
384.39,231.27
384.21,231.59
384.14,231.85
384.28,232.32
384.27,232.65
384.86,232.9
385.09,232.96
385.09,232.96
385.3,232.74
385.13,232.11
385.13,231.95
384.25,231.09
383.89,229.72
383.78,229.48
383.89,228.19
383.91,226.97
383.95,226.79
383.83,225.98
383.42,225.16
383.23,225.08
383.24,224.57
383.29,223.87
383.32,223.65
383.44,223.14
383.46,222.88
383.31,222.9
383.3,222.49
384.22,222.12
384.54,222.07
385.11,221.63
385.64,221.11
385.63,221.11
386.06,221
386.03,220.97
386.03,220.98
386.14,221.03
386.14,221.03
386.17,221.03
386.25,221.09
386.18,220.92
386.19,220.91
386.13,220.24
385.67,219.55
385.29,219.27
385.2,218.71
385.17,217.73
385.23,217.32
385.43,216.24
385.55,215.27
385.64,215.17
385.57,215.1
386.24,215.28
386.44,215.3
387.26,215.55
388.01,215.79
388.13,215.76
388.91,215.83
391.02,215.53
391.71,215.15
392.61,214.73
393.64,213.86
393.82,213.6
395.68,212.78
397.54,212.04
398.02,211.76
398.59,211.41
398.39,211.47
398.22,211.5
397.85,212.89
396.58,214.13
396.24,214.53
395.63,215.31
395.09,216.2
395.07,216.48
395.16,216.81
395.37,216.92
395.69,216.91
395.57,217.02
395.24,216.9
395.01,216.89
394.56,216.61
393.9,215.96
393.55,215.68
393.3,214.96
393.34,214.13
393.37,214.01
391.58,214.12
388.79,214.08
388.2,214.15
387.67,214.29
392,213.97
392.341155,212.557762
404.55,214.8
415.07,219.57
415.44,220.12
413.78,225.47
408.57,227.1
408.27,227.19
404.24,228.17
402.05,228.84
402.05,228.97
401.28,229.25
400.66,230.32
400.45,230.64
401.25,233.67
404.55,240.32
402.738267,242.449458
411.83574,243.749097
418.333935,274.940433
425.03,291.93
417.17,310.6
0,0
0,0
0,0
0,0
0,0
0,0
0,0
0,0
0,0
0,0
333.857401,373.712996
334.03,370.3
333.95,366.79
333.97,366.26
335.07,361.75
337.48,356.68
337.93,355.99
340.03,352.35
341.31,349.15
341.39,349.01
341.57,346.77
341.91,343.83
341.96,343.38
341.93,341.04
341.76,338.42
341.82,337.88
341.71,335.88
339.87,333.81
339.66,333.38
339.41,331
338.63,327.92
338.54,327.33
339.37,325.88
339.68,325.01
339.66,324.79
339.73,324.47
338.96,324.51
338.77,324.5
336.78,324.54
334.33,324.62
334.19,324.61
332.26,323.74
331.05,322.96
331.01,322.79
331.53,322.36
331.32,322.38
331.17,322.38
330.19,322.37
328.62,322.36
328.5,322.36
327.79,322.11
327.11,321.5
327.08,321.22
327.09,320.81
326.7,320.18
326.6,320.18
326.33,319.97
326.27,319.45
326.3,319.14
326.28,318.64
326.02,317.91
326.03,317.67
325.32,316.6
325.11,315.39
325.11,314.93
324.88,314.3
324.11,314.17
323.96,314.13
323.43,313.87
322.45,313.28
322.25,313.04
320.74,313.27
319.58,313.38
319.5,313.68
318.81,313.66
317.66,313.79
317.52,313.79
316.68,313.97
316.21,314.24
316.18,314.24
315.81,314.51
315.56,314.85
315.47,314.85
315.91,314.75
316.58,314.51
316.68,314.23
317.62,314.17
318.23,314.42
318.31,314.73
318.76,314.78
319,315.13
318.96,315.15
319.02,315.47
318.5,315.95
318.4,315.9
318.71,315.94
318.86,315.99
318.87,316.04
318.89,315.97
317.53,313.99
317.56,313.76
317.38,313.04
317.63,312.43
317.72,312.43
319.04,312.32
320.59,313.27
320.63,313.61
324.98,316.02
331.77,319.18
331.85,319.64
336.21,320.04
339.44,319.2
339.56,319.05
342.52,317.79
346.33,315.5
346.57,315.2
348.95,313.36
350.71,311.19
350.82,310.83
352.37,309.21
353.15,307.47
353.11,307.08
353.29,306.03
354.55,304.93
354.78,304.62
355.79,304.08
357.07,304.14
357.22,304.14
360.3,305.02
364.54,306.12
364.82,306.44
366.8,307.42
367.8,310.11
367.79,310.57
366.21,311.67
365.92,312.89
365.89,313.04
367.52,313.27
369.08,314.09
369.21,314.37
370.15,314.59
371.54,314.66
371.72,314.65
372.38,314.58
373.43,314.43
373.6,314.13
375.06,313.99
377.93,314.09
378.11,314.1
381.72,315.48
385.05,317.66
385.13,318.06
387.44,319.55
389.05,321.36
389.14,321.76
389.29,322.24
388.98,322.45
388.99,322.46
389.14,321.4
388.91,320.16
388.9,319.7
387.84,318.72
386.75,317.62
386.59,317.27
385.8,316.47
384.88,315.63
384.8,315.26
384.58,314.78
383.63,313.97
383.42,313.68
380.94,314.01
378.06,315.11
377.91,315.49
377.97,316.9
379.49,318.7
379.72,319.13
381.13,319.74
382.12,319.98
382.28,319.98
380.35,320.47
377.56,321.08
377.45,321.32
375.56,320.18
373.61,318.17
373.41,317.78
372,314.96
369.33,311.92
369.18,311.35
367.61,309.58
366.14,307.65
366.05,307.3
363.89,305.88
361.37,303.98
361.22,303.55
358.98,302.14
355.32,300.98
355.17,300.86
351.19,300.75
346.03,300.33
345.92,300.13
340.35,300.11
335.27,300.09
335.19,300.1
331.62,299.97
328.39,300.06
328.22,300.07
326.06,300.37
323.72,300.82
323.69,300.81
322.67,300.93
321.54,300.91
321.47,300.91
320.25,300.63
318.72,300.18
318.68,300.2
318.42,299.87
318.56,299.71
318.62,299.73
319.61,299.22
321.21,298.57
321.33,298.32
322.56,297.35
323.93,295.34
324.06,295.06
325.21,293.99
327.51,292.9
327.61,292.61
331.33,291.9
335.67,292.24
335.71,292.28
340.73,294.19
348.46,296.18
348.77,296.47
354.46,298.91
359.02,301.81
359.21,302.22
359.13,303.7
357.93,303.8
357.73,303.63
357.31,302.18
356.99,300.42
356.99,300.03
356.46,298.77
355.98,297.34
355.98,296.92
355.3,296.07
354.62,294.95
354.56,294.68
353.81,293.85
353.24,292.85
353.23,292.62
351.99,291.78
350.6,290.89
350.55,290.66
349.55,289.94
348.69,289.67
348.64,289.66
348.25,289.82
348.41,289.88
348.52,289.91
349.48,289.9
350.46,290.07
350.54,290.08
351.02,290.21
351.03,290.24
351.03,290.23
350.93,290.24
350.88,289.98
350.85,289.98
351.08,289.5
351.43,288.98
351.52,288.76
351.66,288.21
351.65,287.42
351.58,287.14
351.54,286.32
351.43,285.77
351.39,285.43
351.3,285.2
351.38,285.14
351.4,285.15
351.63,284.97
351.73,284.95
351.73,284.95
351.88,284.79
351.92,284.7
351.92,284.7
352.04,284.66
352.33,284.57
352.44,284.29
352.99,284.25
353.36,284.02
353.45,284.03
353.78,283.56
354.39,283.75
354.49,283.95
353.61,284.08
351.86,284.04
351.81,284.02
352.59,284.92
355,288.52
355.08,288.88
357.36,289.32
359.57,289.78
359.69,289.79
361.76,290.64
363.11,293.48
363.33,293.85
362.98,295.96
361.99,296.28
361.74,296.29
361.57,294.67
361.51,293.01
361.55,292.81
361.06,291.87
360.3,290.82
360.18,290.55
359.69,289.89
358.77,288.81
358.67,288.4
357.38,287.66
356.35,286.79
356.36,286.5
355.62,285.73
354.44,284.74
354.3,284.4
353.32,283.65
352.23,283.05
352.24,282.88
352.15,283.05
353,283.1
353.08,283.11
354.42,282.89
355.89,282.24
355.94,282.14
356.73,281.33
357.37,280.31
357.45,280
357.14,279.37
357.43,278.43
357.55,278.15
356.87,277.85
355.58,277.67
355.43,277.27
354.94,277.27
354.97,277.74
355.01,277.96
355.38,278.14
355.79,278.21
355.78,278.2
356.05,278.18
356.27,278.24
356.26,278.23
356.55,278.11
356.76,277.78
356.78,277.49
355.75,277.28
354.87,277.27
354.81,277.27
353.75,277.28
353.31,277.45
353.28,277.72
352.58,277.87
351.83,277.24
351.77,277.05
351.11,276.7
350.99,276.09
350.96,276.11
350.92,275.94
351.29,275.94
351.37,275.94
353.1,276.13
355.17,276.33
355.29,276.62
357.14,276.4
358.43,275.68
358.44,275.42
358.88,274.9
359.05,274.13
359.11,274.05
359.26,273.74
359.33,273.07
359.36,272.92
359.11,272.79
359.11,272.64
359.1,272.25
359.02,272.11
358.87,272.09
358.9,272.09
358.79,272.05
358.75,272.03
358.67,272.03
358.77,272.02
358.63,272.02
358.57,272.07
358.45,272.03
358.67,272.09
358.71,272.09
358.84,272.24
359.28,273.03
359.34,273.47
359.62,273.74
360.03,273.92
360.04,273.92
361.06,274.07
363.27,273.98
363.43,273.98
364.6,273.83
365.1,273.78
365.09,273.81
365.05,273.87
364.9,273.74
364.9,273.73
364.41,273.04
363.79,272.07
363.72,271.9
363.36,271.66
362.85,271.21
362.79,271.21
362.12,271.31
361.57,271.39
361.5,271.38
361.45,271.36
361.36,271.29
361.36,271.3
361.27,271.53
361.55,272.09
361.64,272.3
362.65,272.52
363.95,272.38
364.06,272.14
364.79,271.93
364.87,271.28
364.85,271.05
364.6,270.38
363.86,269.46
363.8,269.18
363.39,268.76
362.67,268.08
362.57,267.89
362.48,267.84
362.47,267.54
362.54,267.18
362.22,267.04
361.27,266.96
361.18,266.96
360.55,266.98
360.09,267.13
360.11,267.14
359.81,267.38
358.99,269.13
358.91,269.48
358.25,270.89
357.68,272.49
357.62,272.92
357.18,274.29
358.15,275.58
358.24,275.97
361.06,276.11
362.84,273.91
362.79,273.47
362.63,271.08
362.31,268.84
362.27,268.59
361.7,267.31
361.28,266.24
361.27,266.18
361.09,265.72
360.93,265.13
360.91,265.12
361.03,264.89
361.08,264.45
361.07,264.13
361.51,263.95
362.28,263.98
362.43,263.98
363.21,266.06
364.98,269.99
365.2,270.41
365.75,274.33
365.82,278.23
365.82,278.54
365.82,281.44
366.26,283.96
366.33,284.11
367.27,286.12
368.27,289.37
368.37,289.73
367.39,291.96
366.15,294.28
366.08,294.52
365.4,295.64
364.29,297.04
364.21,297.27
364.58,298.64
364.8,300.2
364.75,300.37
364.01,301.51
363.08,302.38
363.06,302.72
362.48,303.16
362.21,304.03
362.19,304.28
361.65,305.06
361.26,306.01
361.21,306.22
361.15,306.46
360.9,304.76
361.01,304.36
359.24,301.95
357.97,299.68
358.1,299.2
357.03,297.56
355.62,295.69
355.56,295.33
354.8,294.68
354.53,293.71
354.53,293.44
353.85,292.65
352.41,290.05
352.4,289.69
351.73,287.76
350.95,285.74
350.94,285.38
350.47,284.29
349.81,282.98
349.76,282.79
349.8,281.91
349.73,280.86
349.73,280.59
349.48,280.22
348.56,279.73
348.5,279.43
348.08,279.13
348.53,278.69
348.52,278.4
348.47,277.89
348.24,277.08
348.24,276.93
348.09,276.78
347.77,276.39
347.69,276.16
347.56,276.03
347.27,275.62
347.26,275.29
346.9,275.14
346.41,275.15
346.29,275.16
345.95,275.26
345.88,275.44
345.9,275.69
346.69,275.68
347.53,275.61
347.6,275.64
347.96,275.04
348.68,273.55
348.73,273.16
348.88,271.48
349.65,270.02
349.7,269.86
350.02,269.39
349.57,269.61
349.48,269.88
349.36,270.51
349.77,271.86
349.88,272.35
350.98,273.03
353.43,273.37
353.54,273.4
355.7,273.32
358.25,272.94
358.41,272.94
361.08,272.63
363.02,272.11
363.11,272.12
365.01,271.79
367.6,271.55
367.76,271.26
371.9,271.32
374.14,272.77
374.16,273.26
374.38,273.97
374.61,274.45
374.62,274.49
376.24,274.58
378,274.62
378.09,274.62
376.2,277.88
0,0
0,0
0,0
0,0
342.954874,303.532491
335.15704,293.135379
328.658845,284.037906
327.82,282.14
324.77,277.6
324.13,275.08
323.81,273.96
322.15,272.21
319.2,271.05
318.56,270.27
315.88,269.32
312.81,268.41
312.11,268.19
310.75,268.19
309.27,268.07
309.13,268.06
308.72,267.95
307.36,267.93
306.77,267.93
305.43,267.93
304.19,267.89
304.04,267.89
304.26,267.79
304.48,267.7
304.77,267.71
304.6,267.59
304.87,266.65
304.83,265.81
304.94,264.85
304.86,263.87
304.83,263.03
304.66,262.1
304.91,261.28
304.91,260.8
305.26,260.44
305.78,260.26
305.77,260.27
305.97,260.24
306.34,260.16
306.71,260.17
306.84,260.12
306.84,260.08
306.83,260.08
306.67,260.08
306.85,260.07
306.84,260.07
307.14,260.07
307.31,260.06
307.32,260.06
308.56,260.03
311.18,259.98
311.71,259.98
313.33,259.86
315.17,259.65
315.45,258.82
316.72,257.68
318.74,255.28
319.07,253.09
319.67,251.1
319.55,249.33
319.54,248.99
319.29,248.81
319.01,249.31
319.09,250.09
319.22,250.99
319.5,251.94
319.85,252.8
320.1,253.74
320.5,254.52
320.73,254.54
321.41,254.58
322.8,254.41
323,253.73
323.59,252.76
324.13,251.76
324.3,250.91
324.53,249.9
324.73,248.9
324.7,248.04
324.88,247.05
324.84,246.13
324.85,245.42
324.8,245.43
324.9,245.55
324.98,246.23
325.67,247.35
326.44,248.83
326.98,250.08
327.68,251.12
328.02,252.12
328.06,252.95
329.21,253.88
331.44,254.73
331.86,255.31
334.09,253.91
336.69,252.89
337.11,252.06
337.85,251.54
339.58,251.74
340.51,252.3
342.27,253.51
342.59,255.7
342.71,257.91
340.86,259.71
343.09,269.03
335.07,305.27
335.15704,265.84296
338.64,214.72
0,0
0,0
0,0
0,0
329.958484,261.944043
336.456679,252.84657
333.857401,250.247292
335.19,247.8
335.02,246.54
335.54,246.59
335.32,246.17
334.63,245.97
334.27,245.97
333.48,245.82
332.46,245.64
332.17,244.82
330.98,243.85
329.9,242.95
329.63,242.13
329.39,241.31
329.22,240.64
329.24,240.63
328.78,240.56
327.7,240.37
327.35,240.37
326.75,240.32
326.01,240.3
325.8,240.29
325.67,240.34
326.04,240.47
326.05,241.15
326.38,242
327.1,242.85
327.34,243.63
328.23,243.64
329.23,243.62
329.56,243.6
329.9,243.42
330.08,242.6
330.06,241.81
330.33,240.84
330.57,239.87
330.62,239.04
330.39,238.11
329.87,237.22
329.51,236.63
329.45,236.57
329.07,236.56
329.06,237.17
328.78,238
328.59,238.97
328.26,239.81
328.64,240.74
329.06,241.67
329.02,241.79
329.3,241.72
330.07,241.76
330.26,241.76
331.04,241.74
331.74,241.58
331.8,240.82
332.13,239.84
332.26,238.87
332.28,238.04
332.34,237.12
332.25,236.29
332.27,235.87
332.09,235.58
332.15,235.51
332.14,235.51
332.11,235.59
332.32,236.56
332.38,237.22
332.91,238.38
333.39,239.51
333.7,240.92
333.93,241.9
334.8,242.75
334.93,243.37
336.08,243.34
337.24,242.15
337.54,240.89
337.91,239.81
337.85,238.78
337.86,237.95
337.45,236.98
337.09,236.06
337.11,235.35
336.97,235.17
337.01,235.03
337.01,235.02
337,234.94
337.15,234.89
337.15,234.89
337.51,234.82
338.07,234.96
338.28,234.96
338.47,235.26
338.7,236.19
338.74,237.09
339.53,238.11
340.55,239.15
340.9,239.93
341.1,240.89
341.34,241.76
341.57,242.5
342.26,242.63
342.73,242.69
342.72,242.7
342.56,242.74
341.52,242.69
341.27,242.69
340.43,242.58
339.92,241.67
339.7,240.85
339.08,239.92
339.06,239.07
339.04,238.33
339.37,238.31
339.94,238.27
339.93,238.27
339.83,238.28
339.46,238.31
339.14,238.3
338.7,238.31
337.96,238.26
337.62,238.25
337.42,238.28
337.41,238.29
337.4,238.29
338.15,238.28
339.22,238.21
339.55,238.21
340.28,238.16
340.85,238.07
340.87,238.07
340.94,237.96
340.97,237.82
340.97,237.82
340.85,237.72
340.46,237.66
340.21,237.65
340.15,237.62
339.93,237.7
339.94,237.71
339.69,237.9
339.3,238.41
339.37,239.1
339.49,240.54
339.94,242.32
339.92,243.89
340.31,244.89
341.08,245.79
341.11,246.52
342.3,246.51
343.49,244.38
343.8,243.17
343.76,241.97
343.62,240.84
343.56,240.01
342.88,238.97
342.05,238.01
341.91,237.25
341.85,236.5
341.43,236.43
341.12,236.43
340.93,236.43
340.84,236.35
340.83,236.35
340.89,236.33
340.71,236.38
340.72,236.38
340.69,237.09
340.62,238.81
340.66,240.02
340.78,241.3
341.01,243.25
341.03,244.84
340.99,245.96
341.05,246.97
340.97,247.79
341.55,248.66
342.78,247.54
343.08,246.96
343.88,245.86
343.98,244.64
343.94,243.01
343.84,241.02
343.57,239.18
343.19,238.57
342.82,238.23
342.33,238.15
342.33,238.15
342.22,238.08
341.98,238.05
341.95,238.05
341.84,238.05
341.77,238.03
341.77,238.03
341.85,237.99
341.69,237.99
341.7,237.98
341.37,238.05
341.21,238.3
341.27,239.06
341.79,240.25
342.23,241.67
342.61,243.01
343.02,244.23
343.12,245.61
343.23,247
343.25,248.03
343.75,248.96
343.9,249.78
345.38,250.37
347.38,247.83
347.59,246.4
348.16,245.04
348.39,243.8
348.47,242.96
348.25,241.79
347.53,240.76
347.3,239.91
346.88,238.95
346.31,238.14
346.25,237.45
345.77,237.75
344.24,238.96
343.76,240.05
342.67,242.24
339.26,249.79
338.67,251.8
334.75,255.5
333.49,259.09
334.03,260.15
329.87,262.05
325.84,263.94
325.36,265.5
320.49,263.31
317.01,261.84
316.57,260.23
315.77,259.02
316.14,257.79
316.12,256.98
315.65,255.83
313.85,254.79
313.25,253.97
311.78,252.99
310.32,252.09
310.16,251.37
309.1,251.62
307.73,252.3
307.46,253.05
307.02,253.9
306.68,254.67
306.45,254.65
306.36,254.65
306.4,254.63
306.42,254.64
306.37,254.64
306.27,254.71
306.24,254.7
306.11,254.62
305.55,254.61
305.33,254.61
304.85,254.63
304.98,254.57
305.1,254.56
305.95,254.35
306.21,253.74
306.18,252.92
305.6,252.07
304.9,251.23
304.48,250.62
304.48,250.37
304.41,250.24
304.41,250.25
304.25,250.16
304.06,250.13
304.06,250.12
303.97,250.02
303.79,249.97
303.77,249.97
303.49,249.92
303.1,249.89
303.09,249.88
303.2,249.87
303.14,249.81
303.13,249.81
303.16,249.79
303.05,249.75
303.05,249.75
303.01,249.74
302.98,249.72
302.96,249.71
302.88,249.69
302.78,249.67
302.78,249.67
302.94,249.65
303.02,249.68
303.03,249.68
302.95,249.63
302.69,244.16
302.77,242.52
302.89,241.05
302.74,240.27
302.75,240.26
302.43,240.32
301.78,240.38
301.43,240.37
301.62,240.52
301.97,241.32
301.95,242.07
302.08,243
303.04,243.89
303.35,244.69
306.72,245.2
311.54,242.82
312.39,241.32
316.7,240.08
320.33,238.72
320.98,237.03
323.15,234.87
324.46,232.83
324.44,231.2
324.6,229.33
324.71,227.87
324.75,228.02
324.42,228.1
324.01,228.04
324.01,228.04
323.75,228.03
323.2,228.01
323,228.02
322.66,228.03
321.94,228.06
321.7,228.05
321.29,228.16
321.25,228.35
321.3,229.08
321.48,229.96
322.33,230.83
322.44,231.61
323.65,231.52
325.37,230.62
325.72,229.89
326.83,228.88
328.02,227.84
328.27,227.02
328.84,225.96
329.08,224.96
329.09,224.15
329.38,223.22
329.74,222.34
329.74,222.03
329.72,222.26
329.54,222.22
329.19,222.22
328.39,222.22
327.68,222.31
327.35,222.3
326.92,222.6
326.32,223.51
326.45,224.18
326.32,225.17
326.41,226.17
326.44,226.97
327.47,227.87
328.88,228.75
329.03,229.32
330.67,228.94
332.16,228.53
332.38,227.8
333.1,226.85
333.63,225.88
333.61,225.05
334.09,224.16
334.14,223.35
334.13,223.36
333.99,223.33
333.1,223.4
332.54,223.39
331.59,223.78
330.93,224.7
330.73,225.24
330.13,226.5
329.9,228.3
329.93,229.9
330.12,231.76
330.76,232.49
330.91,232.65
332.12,232.66
333.69,232.23
333.99,231.72
334.93,230.71
335.65,229.41
335.63,227.95
335.99,226.83
336.1,225.8
336.15,224.95
336.26,223.97
336.11,223.15
336.07,222.44
335.89,222.37
335.83,222.46
335.83,222.45
335.87,222.94
335.1,224.5
334.93,225.96
334.26,227.19
333.56,228.43
333.31,229.95
332.96,231.07
333.11,232.14
333.13,232.96
333.82,233.9
335.74,234.72
335.98,235.27
338.31,233.21
339.72,231.72
339.82,230.06
339.93,227.9
339.73,225.79
339.69,224.15
338.81,222.22
337.88,220.48
337.49,220.46
336.91,220.19
335.68,220.11
335.35,220.11
334.02,220.11
332.27,220.33
331.88,221.07
330.86,222.29
329.82,223.91
329.68,225.06
329.36,226.37
329.07,228.3
329.06,229.91
329.17,231.76
329.87,231.61
330,231.8
331.61,231.67
333.18,229.14
333.51,227.42
334.09,226.05
335.11,224.76
335.23,223.15
335.63,221.94
335.41,220.87
335.18,220.03
335.02,219.03
334.51,218.13
334.19,217.4
333.25,217.31
331.56,217.48
331.13,218.16
329.96,219.16
329.18,220.22
329.09,221.01
328.39,222.07
327.81,223.11
327.55,223.92
327.45,225.01
327.18,226.04
327.15,226.88
326.78,227.89
326.28,228.9
326.24,229.74
326.53,230.76
326.99,231.73
326.85,232.46
327.49,232.78
328.23,232.94
328.55,232.95
328.79,233.1
329.31,233.26
329.62,233.28
330.37,233.35
332.55,233.23
333.08,233.23
334.54,232.8
335.91,227.83
336.16,226.42
336.88,224.02
337.85,221.92
337.89,220.39
338.74,219.16
339.16,218.22
339.39,217.63
339,217.45
338.39,217.6
338.15,218.22
337.61,219.19
337.04,220.15
336.9,220.95
336.36,222.03
336.1,223.14
336.11,223.95
336.01,224.97
336.32,225.9
336.62,226.7
337.62,227.09
339.14,225.6
339.26,224.97
340,223.98
340.19,222.93
339.99,222.14
339.85,221.02
339.39,219.98
339.06,219.18
338.62,218.12
337.51,217.18
337.1,216.52
335.62,216.62
333.72,217.29
333.51,218.04
332.04,218.99
330.89,220.03
330.72,220.87
330.09,222
329.71,223.13
329.38,223.96
329.43,225.01
330.27,225.98
330.7,226.81
332.46,227.46
334.61,226.08
334.75,225.02
336.32,223.96
337.87,222.78
338.03,221.94
338.34,220.76
338.68,219.67
338.71,218.83
338.65,217.81
338.43,216.87
338.14,216.06
338.13,215.19
338.02,214.43
338.03,214.43
337.9,214.35
337.84,214.29
337.84,214.29
337.93,214.19
337.86,214.16
337.86,214.17
337.89,214.15
337.9,214.16
337.91,214.16
337.8,214.18
337.47,214.34
337.15,214.33
336.73,214.87
335.96,216.36
335.92,217.93
335.71,219.01
335.33,220.14
335.09,220.95
334.99,222
335.04,222.94
335.03,223.77
335.18,224.63
335.97,224.59
336.14,224.57
337.58,224.01
338.77,223.24
338.83,222.71
339.35,221.61
339.87,220.58
339.89,219.79
339.92,218.76
339.84,217.8
339.92,216.96
339.69,216.05
339.53,215.26
339.16,214.7
338.91,214.55
338.9,214.42
338.9,214.42
338.95,214.36
338.93,214.31
338.93,214.31
339.01,214.29
338.64,214.38
338.32,214.37
337.91,214.64
337.59,215.48
337.33,216.16
337.29,217.08
336.95,218
336.95,218.83
336.42,219.84
336.03,220.94
336.01,221.78
336.17,222.8
336.88,223.7
337.01,224.16
338.09,224.15
339.36,223.62
339.86,222.83
341.09,221.87
342.05,220.79
342.3,219.96
342.64,218.89
342.63,217.84
342.69,217.02
342.83,216.03
342.8,215.15
342.75,214.48
342.56,214.35
342.07,214.32
342.07,214.32
341.92,214.26
341.78,214.24
341.8,214.23
341.71,214.23
341.98,214.23
341.98,214.23
341.94,214.94
341.9,217.36
342.03,218.94
342.12,221.08
341.91,223.21
341.88,224.85
341.6,226.91
341.21,228.93
341.03,230.59
341.5,231.67
342.31,232.15
342.45,232.16
343.56,231.7
344.93,230.68
345.31,229.84
345.35,228.38
344.77,223.65
344.21,222.15
343.97,220.18
343.2,218.28
342.99,218
342.41,217.26
341.86,217.04
341.59,217.04
341.37,216.94
341.24,216.88
341.24,216.88
341.06,216.82
340.91,216.78
340.92,216.78
340.86,216.78
340.41,216.81
340.16,216.82
339.62,216.98
338.71,217.27
338.41,218.03
337.79,219.19
337.09,220.31
337,221.04
336.73,222.18
335.97,223.44
335.87,224.96
335.81,226.06
335.75,227.17
335.76,227.98
335.77,229.04
335.89,230.09
335.85,230.91
335.95,231.93
335.99,232.93
335.93,233.76
336.24,234.73
336.67,235.27
336.82,235.26
337.14,234.62
338.11,231.25
338.39,229.22
338.37,226.95
338,224.55
337.97,222.12
337.89,219.91
338.18,217.87
338.1,216.27
338.4,215.11
338.68,214.13
338.66,213.45
338.61,213.27
338.59,213.19
338.53,213.19
338.41,213.16
338.68,213.15
338.92,213.15
338.9,213.29
338.73,214.19
338.72,215.11
338.52,216.39
337.89,218.57
337.81,220.81
338.35,222.92
339.22,224.9
339.3,226.47
339.71,227.74
339.78,228.81
339.71,229.64
339.87,230.55
339.94,230.61
339.95,230.62
340.98,230.56
342.86,228.04
342.92,226.45
343.12,224.97
343.03,222.82
343.03,221.15
342.91,219.05
342.74,217.09
342.68,216.13
341.97,215.29
341.22,214.39
341.02,214.19
341.09,214.25
340.95,214.18
340.95,214.17
340.9,214.11
341.04,214.07
341.04,214.07
341.09,214.14
341.09,214.37
341.14,215.07
340.84,216.14
339.84,217.44
339.48,218.94
338.76,220.25
338.04,222.34
337.9,223.92
337.95,225.92
337.9,227.87
337.71,229.41
337.96,230.57
338.9,231.07
339.13,231.25
340.46,230.59
342.8,229.72
343.24,228.89
344.66,227.67
346.52,222.99
346.62,221.59
347.11,220.07
348.31,218.63
348.74,218.77
349.73,219.66
349.94,220.16
349.88,220.94
348.87,221.54
347.79,220.41
347.45,219.85
346.78,218.91
346.14,218.03
346.08,217.27
345.6,216.59
345.1,216.28
345.09,216.28
344.91,216.13
344.61,216.04
344.31,216.04
344.04,216.03
343.12,216.23
342.62,216.22
341.74,217.74
340.59,220.01
340.35,221.9
339.87,223.92
339.58,225.88
339.55,226.47
340.37,226.83
343.57,226.93
343.95,226.93
348.24,227.06
351.03,227.12
351,227.12
351.45,227.19
351.96,227.14
351.96,227.15
352.21,227.12
351.85,227.04
351.85,227.04
351.19,226.9
350.63,226.77
350.29,226.77
349.99,226.32
349.16,222.68
348.62,221.04
348.32,219.54
347.55,218.38
347.2,218.25
345.6,218.08
343.27,217.95
342.87,217.95
341.36,217.86
339.85,217.82
339.62,217.82
338.95,217.86
338.14,217.92
338.04,217.92
337.58,217.98
336.71,217.98
336.41,217.98
336.07,218
335.88,218.03
335.85,218.02
335.85,218.08
335.75,218.17
335.75,218.17
335.83,218.3
336.04,218.62
336.09,219.16
336.23,220.02
336.4,220.92
336.61,221.7
336.96,222.4
337.15,222.48
337.13,222.52
337.05,222.45
336.54,221.79
336.3,220.98
336.42,220.2
336.29,219.54
336.39,219.56
336.14,219.52
335.85,219.42
335.84,219.42
335.85,219.4
335.32,219.37
335.04,219.36
334.26,219.22
333.22,219.03
332.75,219.03
332.21,218.94
331.81,218.87
331.53,218.88
331.04,218.84
330.67,218.82
330.4,218.83
330,218.81
329.21,218.81
329.03,218.8
328.32,218.82
327.19,218.89
326.73,218.89
325.89,219.02
325.22,219.25
325.23,219.25
325.28,219.84
325.3,220.56
325.36,221.17
326,222
328.61,222.76
328.77,223.43
331.54,221.1
333.95,218.95
334.14,217.48
335.39,216.07
336.43,214.88
336.66,214.05
337.17,212.91
337.45,211.89
337.43,211.06
337.04,210.08
336.74,209.18
336.35,208.53
336.33,208.35
336.41,208.24
336.36,208.23
336.08,208.3
335.7,208.85
335.4,209.28
335.16,210.63
334.79,212.58
334.55,213.99
334.59,215.05
335.15,216
335.4,216.81
336.12,217.61
337.32,217.43
337.66,216.75
338.35,215.75
338.72,214.57
338.75,213.01
338.67,211.89
338.56,210.84
338.27,210.03
338.14,209.02
337.75,208.09
337.34,207.36
337.11,207.24
337.15,207.11
337.13,207.11
337.07,207.04
336.99,206.98
336.98,206.98
336.78,206.95
336.78,206.92
336.79,206.92
336.81,206.89
336.74,206.88
336.74,206.89
336.82,206.92
336.56,206.93
336.22,206.93
336.03,206.93
335.92,206.95
335.93,206.95
335.79,206.97
335.52,207
335.23,207.01
335.07,207.04
335,207.05
335.01,207.05
334.87,207.06
334.53,207.09
334.24,207.09
333.89,207.1
333.3,207.1
333.04,207.1
332.4,207.2
331.48,207.45
331.18,208.14
330.74,209.3
330.21,210.83
330.37,212.04
329.95,213.24
329.84,214.32
329.87,215.06
330.4,216.03
331.6,216.85
331.73,217.65
332.95,217.55
335.44,215.7
335.72,214.2
337.19,213.11
338.64,211.94
339.01,211.13
339.78,209.97
340.3,208.9
340.53,208.09
340.73,207.06
340.63,206.14
340.55,205.46
340,205.44
339.49,206.29
339.26,207.11
338.77,208.24
337.93,209.69
337.76,211.01
337.35,212.18
336.99,213.5
337.03,214.97
337.04,216.01
337.46,216.97
337.81,217.8
338.49,218.52
340.04,218.17
340.31,217.73
341.28,216.65
342.1,214.21
342.17,212.28
341.91,210.32
341.67,208.52
341.31,208.54
341.22,208.18
341.1,208.02
341.1,208.02
340.95,207.97
340.83,207.93
340.81,207.92
340.64,207.9
340.21,207.89
340.21,207.89
340.22,207.88
340.17,207.87
340.16,207.87
340.31,207.87
340.28,207.87
340.27,207.87
340.22,207.88
340.25,207.88
340.25,207.88
340.43,207.87
340.65,207.9
340.65,207.9
340.12,208.05
339.32,208.42
339.1,209.13
338.41,210.38
337.84,212.72
337.67,214.85
337.06,216.94
336.5,218.99
336.12,220.66
336.09,221.84
336.23,222.86
336.19,223.7
337.13,224.6
338.29,224.67
338.56,224.67
340.51,224.6
342.92,221.08
342.89,219.74
343.48,217.98
344.06,215.84
344.25,214.3
343.96,213.05
343.49,212.02
343.06,211.23
342.83,210.32
342.79,209.49
342.81,209.5
342.71,209.36
342.67,209.24
342.68,209.24
342.76,209.17
342.69,209.11
342.7,209.11
342.74,209.07
342.85,209.06
342.85,209.06
343.23,209.06
343.49,209.15
343.49,209.15
342.67,209.53
342.15,212.19
342.43,213.93
343.19,216.12
343.86,218.38
344.24,220.78
345.3,222.96
345.97,225.03
346.18,226.65
346.39,227.3
347.37,225.39
347.48,224.17
349.46,222.93
351.33,221.53
351.57,219.94
351.21,217.84
350.61,215.85
350.18,214.31
349.77,213.2
349.1,212.22
348.79,211.65
348.46,211.36
348.37,211.23
348.36,211.23
348.31,211.13
348.13,211.06
348.13,211.06
347.96,211
347.73,210.95
347.73,210.95
347,210.9
345.45,210.91
345.06,210.91
344.1,211.06
342.94,211.38
342.78,212.08
342.27,213.27
342.04,214.67
342.17,216.01
341.96,217.25
342.13,219.05
342.07,220.74
342.8,221.68
344.04,222.24
344.21,222.27
345.76,221.71
347.4,220.7
347.73,219.89
348.19,218.73
348.25,217.57
348.11,215.96
347.6,214.14
346.82,212.56
346.49,212.6
346.22,212.3
346,212.18
345.99,212.18
345.78,212.14
345.57,212.07
345.23,212.06
345.25,212.02
345.22,211.99
345.22,211.99
345.27,211.96
345.35,211.97
345.31,211.97
344.96,212.04
344.43,212.3
344.18,213.04
343.93,214.24
343.6,215.55
343.36,216.97
343.43,218.18
343.53,219.29
343.96,220.06
347.3,221.33
351.15,223.83
352.14,225.91
354.48,227.94
356.14,229.68
356.26,229.41
356.62,229.71
355.1,229.99
354.65,229.99
352.46,229.98
350.78,229.87
350.43,229.87
348.59,229.68
346.26,225.98
345.68,224.53
343.63,223.13
340.82,221.93
340.29,221.11
337.15,220.08
333.84,219.21
333.32,218.62
330.95,218.68
328.65,219.23
328.28,219.99
326.39,220.86
324.23,221.69
323.96,221.76
322.51,221.67
320.95,221.61
320.8,221.62
319.83,221.49
319.68,220.65
319.63,219.84
319.26,218.96
318.14,218.1
317.63,217.44
317.17,217.38
317.23,217.2
317.23,217.21
317.16,217.14
316.84,217.1
316.85,217.11
316.75,217.05
316.72,217
316.72,217
316.65,216.95
316.56,216.89
316.23,216.88
316.36,216.8
316.72,216.76
316.93,216.76
317.09,216.67
317.17,216.43
317.17,215.74
317.25,214.85
317.47,213.98
317.71,213.18
317.89,212.36
317.83,212.24
317.83,212.24
317.86,212.19
317.9,212.16
317.9,212.17
317.71,212.14
317.62,212.12
317.62,212.12
317.21,212.14
316.47,212.17
316.16,212.16
315.7,212.36
314.74,213.27
314.42,214.02
314.19,215.02
314.3,215.98
314.21,216.83
314.48,217.78
315.87,218.62
316.21,218.62
318.1,218.61
320.71,218.57
321.03,218.56
324,217.22
327.3,215.82
327.84,214.2
330.47,213.05
333.36,211.96
333.63,211.17
334.41,210.16
335.13,209.22
335.39,208.63
335.59,208.38
335.26,208.25
335,208.24
334.37,208.2
332.84,208.23
332.4,208.23
330.96,208.63
329.24,209.75
328.85,211.03
328.05,212.1
327.42,213.19
327.5,213.99
327.75,214.96
328.76,215.82
329.02,216.58
331.17,216.53
333.3,216.22
333.68,215.71
335.55,214.73
336.93,213.73
337.04,212.93
337.4,211.95
337.91,210.95
337.9,210.15
337.95,209.26
337.9,208.63
337.9,208.62
337.79,208.5
337.55,208.5
337.2,208.49
336.79,209.25
336.02,210.41
335.88,211.11
335.91,212.15
335.4,213.25
335.13,214
335,215.03
335.2,216.06
335.23,216.88
336.14,217.79
337.71,218.55
337.9,218.48
339.67,218.41
341.24,217.28
341.59,215.9
342.05,214.82
342.63,213.74
342.56,212.93
342.37,211.94
341.96,211.02
341.91,210.26
341.56,209.48
341.14,209.34
341.14,209.34
340.65,209.77
340,211.55
340.02,212.97
339.84,214.18
339.2,215.83
339.09,217.03
339.04,218.31
339.77,220.14
339.91,221.78
340.58,222.68
342.4,222.29
342.47,221.86
343.98,220.89
345.05,219.68
345.26,218.89
345.19,217.57
345.07,215.62
345.08,214.01
344.86,212.18
344.54,210.65
344.23,210.78
344.29,211.03
344.24,210.97
344.24,210.97
343.62,210.96
341.86,211.03
341.45,211.03
340.1,211.31
338.82,212.8
338.57,214.04
337.95,215.32
337.24,217.29
337.28,218.88
337.5,220.76
338.26,222.36
338.67,220.73
340.03,220.11
342.28,219.22
342.69,218.69
344,218.02
344.86,216.79
345.03,215.96
345.16,214.78
345.1,213.73
345.05,212.91
344.82,211.93
344.63,210.99
344.25,210.19
344.12,209.36
343.95,209.2
343.95,209.19
343.78,209.1
342.47,209.14
342.02,209.13
340.75,209.31
338.83,210.32
338.46,211.12
337.24,212.38
335.94,214.36
335.81,215.9
335.4,217.84
335.67,219.57
335.92,218.59
337.05,218
339.08,217.09
339.46,216.4
340.8,215.99
341.65,215.43
341.74,214.75
342.15,213.35
342.62,211.65
342.57,209.98
341.84,208.1
340.79,206.86
340.44,206.95
340.65,207.75
341.01,209.67
341.02,210.98
337.52,211.76
334.97,212.61
334.78,212.63
333.86,212.91
333.1,213.2
332.86,213.2
332.81,214.35
332.65,215.77
332.58,217.03
332.14,218.09
331.96,219.13
331.97,219.95
332.03,220.99
334.66,221.92
334.87,222.74
338.8,219.99
340.82,217.7
341.09,215.23
342.1,212.96
342.83,210.82
342.73,209.24
342.04,208.07
341.39,207.08
341.07,206.35
340.88,206.23
340.7,206.17
340.69,206.17
340.58,206.17
340.1,206.11
340.09,206.11
340.03,206.05
339.49,205.99
339.2,206
338.25,206.05
336.92,206.26
336.64,206.24
336.02,207.08
335.72,208.65
335.96,209.99
335.88,211.15
335.55,212.43
335.29,213.95
335.22,214.99
335.08,216.04
335.1,216.86
335.23,217.91
335.66,218.87
335.89,219.7
337.9,219.39
339.94,218.61
340.18,217.8
340.87,214.69
340.8,211.75
340.64,209.39
340.22,207.18
339.38,205.2
339.07,204.72
338.36,204.16
337.16,203.95
336.66,203.95
335.68,203.81
334.25,203.77
333.88,203.77
332.67,203.81
331.68,203.86
331.37,203.86
330.78,204.03
330.01,204.34
329.86,205.08
329.9,206.22
329.67,207.37
329.44,208.89
329.2,209.99
329.06,211.1
329.14,211.93
329.25,213.02
329.14,214.1
329.19,214.91
329.28,215.96
329.33,216.98
329.3,217.83
329.14,218.84
329.12,219.84
329.09,220.67
329,221.66
329.51,222.53
329.72,222.48
331.2,222.5
333.44,219.3
333.54,217.71
334.2,215.91
334.63,213.44
334.74,211.04
334.73,208.88
334.83,206.9
334.72,205.35
334.85,204.34
334.73,203.67
334.73,203.67
334.47,204.2
333.96,205
333.98,205.82
333.91,206.67
333.85,207.23
333.84,207.25
333.83,206.7
333.61,205.9
333.3,205.09
333.23,204.41
333.12,204.42
333.13,204.42
333.13,204.43
333.04,204.45
333.05,204.45
333.08,204.41
332.96,204.39
332.94,204.39
332.85,204.51
332.72,205.23
332.74,206
332.53,206.87
332.2,207.73
332.16,208.42
332.01,208.58
332.01,208.65
332.04,208.63
332.24,208.84
332.57,209.06
332.81,209.06
332.79,209.54
332.96,211.43
333.03,212.94
333.49,213.98
334.17,214.95
334.4,215.78
334.75,216.57
335.53,216.51
335.8,216.44
337.24,215.38
338.37,212.35
338.35,210.47
338.42,208.49
338.42,207.21
338.07,206.65
338.03,206.19
337.63,206.03
337.36,206.03
337.02,205.96
336.79,205.9
336.81,205.91
336.58,205.87
336.2,205.86
336.19,205.86
336.03,205.85
335.92,205.85
335.92,205.85
335.95,205.84
335.86,205.85
335.84,205.85
335.78,205.86
335.69,205.85
335.7,205.86
335.65,205.85
335.64,205.83
335.67,205.83
335.71,205.83
336.08,205.82
336.07,205.83
336.4,205.84
336.97,205.86
336.97,205.86
337.26,205.91
337.46,206.01
337.46,206.01
336.92,206.44
336.68,208.59
336.43,209.97
336.24,211.25
336.22,213.26
336.34,214.87
336.63,216.8
336.93,218.64
337.01,217.82
337.41,217.92
338.79,217.91
339.15,217.9
340.27,217.73
340.85,214.02
340.66,212.72
340.2,211.05
339.78,209.05
339.26,207.87
339,207.2
338.71,206.24
338.27,205.63
338.06,205.41
337.93,205.32
337.92,205.32
337.72,205.26
337.64,205.23
337.64,205.23
337.57,205.18
337.5,205.18
337.19,205.18
337.14,205.14
337.12,205.13
337.09,205.13
337.01,205.12
336.96,205.12
336.96,205.12
336.83,205.12
336.75,205.12
336.75,205.12
336.69,205.11
336.59,205.1
336.58,205.11
336.47,205.1
336.2,205.1
336.21,205.1
336.16,205.09
336.09,205.11
336.06,205.11
336.03,205.1
335.95,205.11
335.94,205.11
335.91,205.1
335.9,205.09
335.9,205.09
335.85,205.09
335.74,205.1
335.75,205.1
335.78,205.09
335.73,205.08
335.72,205.08
335.66,205.09
335.66,205.08
335.55,205.08
335.29,205.08
335.25,205.08
335.26,205.08
335.28,205.06
335.31,205.07
335.27,205.07
335.32,205.05
335.25,205.05
335.2,205.05
335.17,205.06
335.17,205.05
335.17,205.05
335.13,205.04
335.1,205.04
335.1,205.04
335.13,205.01
335.2,205
335.2,205.01
335.24,205
335.29,205
335.28,205
335.32,205.01
335.29,205.01
335.29,205.01
335.24,205
335.17,205
335.17,205
335.16,204.99
335.27,204.97
335.28,204.97
335.32,204.99
335.15,205.11
335.16,205.11
335.07,205.22
334.66,205.54
334.4,206.18
334.12,207.31
334.25,209.68
334.32,211.83
334.67,213.96
334.92,216.02
334.89,217.69
334.91,218.92
335.09,220.14
335.12,220.94
335.2,222.19
335.36,223.98
335.8,225.93
336.27,227.97
336.81,230.03
336.71,231.71
337.78,232.72
339.86,230.44
339.94,229.25
339.98,227.75
339.83,221.7
339.59,219.98
339.3,217.02
339.02,214
338.99,212.82
338.82,211.29
338.59,210.28
338.19,209.73
338.01,209.49
337.8,209.4
337.82,209.4
337.63,209.36
337.16,209.34
337.16,209.34
337.14,209.35
337.06,209.37
337.04,209.38
336.99,209.41
336.87,209.49
336.83,210.14
336.77,210.95
336.76,211.79
336.73,212.61
336.76,212.61
336.51,212.64
336.16,212.63
336.14,212.64
336.14,212.67
336.13,212.66
336.08,212.69
336.02,212.68
336.04,212.69
335.96,212.71
335.93,212.72
335.87,212.7
335.77,212.72
335.79,212.73
335.82,212.73
335.68,212.74
335.58,212.75
335.26,212.75
335.13,212.76
335.08,212.76
335.09,212.76
335.07,212.78
335.04,212.77
335.05,212.77
335.01,212.79
335.03,212.79
335.03,212.78
334.96,212.78
334.9,212.8
334.9,212.8
334.91,212.81
334.73,212.81
334.75,212.81
334.74,212.81
334.67,212.81
334.67,212.81
334.71,212.82
334.58,212.8
334.28,212.81
334.34,212.81
334.3,212.82
334.29,212.82
334.23,212.83
334.2,212.83
334.2,212.83
334.09,212.83
334.02,212.84
334.02,212.84
334.09,212.84
334.1,212.83
334.12,212.83
334.1,212.82
334.08,212.82
334.09,212.82
334.1,212.82
334.18,212.81
334.18,212.81
334.13,212.81
334.1,212.82
334.1,212.82
334.14,212.81
334.12,212.81
334.11,212.81
334.08,212.81
334.13,212.81
334.14,212.81
334.13,212.81
334.12,212.83
334.12,212.83
334.04,212.83
334.04,212.83
334.05,212.83
334.04,212.84
334.06,212.81
334.06,212.82
334.09,212.8
334.07,212.82
334.08,212.82
334.2,212.83
334.15,212.84
334.15,212.85
334.12,212.9
333.98,212.97
333.96,212.97
333.83,213.22
334.13,214.72
334.24,216.01
334.95,217.35
335.86,219.47
336.13,220.96
336.64,222.99
337.03,225.01
336.96,226.71
337.17,227.8
337.28,228.94
337.31,229.78
337.82,230.9
338.52,232
338.73,232.84
339.29,233.95
340.24,235.14
340.52,235.97
341.34,237.17
342.33,238.66
342.77,240.01
343.57,241.26
344.53,243.32
344.9,244.94
345.53,246.98
347.12,249.19
347.37,250.9
349.27,253.13
351.24,255.61
351.56,257.89
351.21,259.82
352.052347,260.644404
352.03,261.1
352.29,253.8
352.55,244.76
350.752708,250.247292
350.57,244.16
350.25,239.47
350.25,237.23
349.84,234.39
348.75,233.29
348.02,232.79
346.98,232.24
346.07,232
345.24,231.85
344.31,231.76
343.38,231.7
343.49,231.66
343.33,231.69
343.23,231.8
343.23,231.81
343.12,231.81
343.07,231.82
343.09,231.81
343.02,231.83
343,231.79
343.01,231.81
342.98,231.78
342.94,231.76
342.89,231.79
342.83,231.79
342.78,231.78
342.78,231.87
342.74,231.81
342.74,231.81
342.68,231.81
342.71,231.78
342.64,231.88
342.64,231.86
342.6,231.82
342.61,231.76
342.5,231.7
341.99,231.83
341.99,231.79
341.99,231.8
342.1,231.78
342.27,231.69
342.28,231.7
343.5,231.75
344.69,231.88
346.2,232.3
348.3,234.89
350.1,237.31
351.55,239.48
352.94,241.65
354.2,243.71
355.02,245.23
356.09,246.49
357.11,247.71
357.82,248.37
358.55,248.88
358.94,249.27
358.98,249.95
359.18,250.91
359.23,251.81
359.28,252.63
359.38,252.68
359.43,252.83
359.42,252.83
359.43,252.99
359.48,253.02
360.23,253.26
361.07,254.09
361.68,255.43
361.8,256.7
360.93,256.64
359.92,256.74
359.17,256.69
358.15,256.53
357.17,255.46
356.41,254.62
355.93,253.55
354.74,252.53
353.96,251.71
352.76,250.61
350.7,248.07
349.12,246.19
347.07,244.25
345.16,242.48
343.35,241.09
342.33,240.01
341.3,238.99
340.45,237.77
340.17,236.94
340.05,236.19
342.79,240.61
342.64,240.81
342.55,241.6
342.56,241.57
341.85,240.31
340.94,239.07
340.1,238.12
339.14,237.21
338.2,236.25
337.2,235.11
336.22,233.91
335.44,232.84
335.28,231.86
335.15,230.9
334.96,229.88
334.85,228.83
334.58,227.8
333.83,226.91
333,225.89
332.06,224.82
331.08,223.74
330.11,222.73
329.19,221.86
328.3,221.06
327.46,220.19
327.45,219.44
327.27,219.51
327.27,219.52
327.28,220.32
327.16,221.14
327.33,221.79
327.08,222.14
326.96,223.24
327.04,223.88
326.98,224.87
327,225.8
327.1,226.38
327.13,226.53
327.17,225.84
327.04,224.92
327.42,223.9
328.51,222.66
329.02,221.63
330,221.07
330.87,220.05
329.958484,233.351986
329.22,231.95
328.98,231.28
328.95,230.91
328.64,230.09
327.88,229.14
327.2,228.25
327.08,227.5
327.18,227.36
327.18,227.36
327.13,227.38
326.74,227.95
326.21,228.15
325.88,228.41
324.76,229.53
324.2,230
323.39,231.35
322.59,233.14
322.11,233.7
321.91,234.7
321.85,235.72
321.88,236.08
322.1,235.87
323.71,235.31
324.62,235.09
326.29,234.61
328.47,233.09
329.13,232.34
329.99,231.01
330.58,230.02
330.48,229.36
330.29,229.03
329.83,228.77
329.16,227.92
329.07,227.08
328.93,226.33
328.93,226.33
328.83,226.34
328.79,226.26
328.79,226.25
328.74,226.22
328.65,226.21
328.64,226.2
328.6,226.17
328.52,226.15
328.01,226.03
327.94,226.05
327.88,226.04
327.88,226.04
327.81,226.07
327.78,226.05
327.78,226.07
327.74,226.11
327.72,226.08
327.71,226.07
327.67,226.06
327.46,226.05
326.99,225.93
326.6,226.13
325.39,226.38
324.54,226.78
323.74,227.43
322.78,228.68
322.3,229.76
322.02,231.03
321.87,232.27
321.98,233.58
322.04,234.64
322.25,235.4
322.25,235.41
323.15,235.44
324.85,234.83
325.75,234.47
327.21,233.98
329.2,233.6
329.79,233.18
330.41,232.79
330.28,231.59
329.78,230.51
329.01,228.59
328.16,226.97
327.49,225.36
327.23,224.63
327.13,224.44
327.13,224.48
327.03,224.52
327,225.21
327.07,225.9
327.09,226.42
327.04,226.51
327.03,226.5
326.99,226.49
326.89,225.86
326.8,225.17
326.77,225.17
326.69,225.16
326.69,225.16
326.67,225.13
326.72,225.08
326.72,225.08
326.81,225.01
326.69,225.06
326.68,225.07
325.59,225.2
324.55,225.95
324.11,226.83
323.74,228.21
322.93,229.41
322.52,230.55
322.33,231.9
322.43,233
322.58,233.75
323.37,234.81
324.3,235.67
324.94,236.36
326.02,236.31
327.32,235.24
328.1,234.49
329.1,233.77
329.83,232.59
329.85,231.99
329.57,230.72
328.78,228.61
328.07,227.14
327.27,226.06
326.56,225.13
326.41,224.37
326.31,224.29
326.25,224.23
326.25,224.23
326.26,224.23
326.19,224.22
326.19,224.22
326.13,224.22
326.06,224.25
326.06,224.25
326.01,224.27
326.01,224.27
326.01,224.28
326.02,224.2
326.1,224.16
326.1,224.16
326.19,224.11
326.15,224.2
326.15,224.2
326.01,224.56
325.65,226.43
325.17,227.46
324.61,228.78
321.26,229.95
320.65,229.89
318.09,230.43
315.63,231.8
314.75,232.71
313.04,234.25
311.19,235.56
310.93,235.28
310.72,234.9
312.03,234.84
312.82,235.09
314.49,234.51
317.45,233.24
318.12,232.43
319.91,231.25
322.27,229.38
322.92,228.41
324.04,226.97
325,225.94
325.37,225.41
325.52,225.21
325.57,225.11
325.57,225.12
325.55,225.08
325.48,225.03
324.98,224.9
324.98,224.9
324.95,224.91
324.96,224.92
324.96,224.92
324.94,224.92
324.95,224.92
324.92,224.94
324.88,224.96
324.88,224.96
324.87,224.99
324.82,225.01
324.82,225.01
324.78,225.04
324.78,225.04
324.78,225.04
324.76,225.09
324.77,225.07
324.77,225.07
324.79,225.06
324.76,225.05
324.77,225.05
324.17,225.18
322.07,225.5
321.4,225.96
319.99,227.45
318.1,229.73
317.2,230.84
315.87,232.35
314.78,234.43
314.27,235.52
313.7,237.15
312.92,238.89
312.33,238.76
312.32,238.95
313.12,238.97
313.93,239.2
316.06,238.91
319.88,238.32
320.48,238.03
322.37,235.47
324.29,232.55
324.99,231.54
325.93,229.92
326.49,228.14
326.35,227.44
325.96,227.04
325.87,226.91
325.87,226.91
325.83,226.79
325.85,226.71
325.84,226.68
325.85,226.66
325.84,226.69
325.85,226.69
325.84,226.64
325.84,226.62
325.84,226.62
325.86,226.59
325.85,226.63
325.85,226.63
325.82,226.57
325.81,226.59
325.82,226.62
325.81,226.64
325.82,226.55
325.73,225.87
325.66,225.13
324.33,224.54
323.42,224.28
322.17,224.76
320.99,227.27
320.73,228.66
320.08,230.2
319.31,232.08
319.46,233.37
319.24,234.9
319.31,236.11
319.41,236.89
319.84,238
320.36,239.08
321.05,240.06
321.89,241.2
322.68,242.32
322.77,243.02
323.04,243.68
324.42,242.81
325.49,242.39
327.06,241.61
328.77,240.61
327.81,238.25
327.4,233.7
327.38,229.99
327.15,228.48
327.06,226.8
326.87,226.26
326.87,226.27
326.75,226.28
326.72,226.2
326.72,226.19
326.7,226.16
326.61,226.16
326.61,226.16
326.49,226.15
325.92,226.05
325.32,225.89
325.26,225.94
325.2,226
325.2,225.99
325.14,226.02
325.1,226.04
325.1,226.04
325.07,226.06
325.05,226.07
325.04,226.08
325,226.12
325,226.13
325,226.15
324.96,226.19
324.93,226.2
324.93,226.19
324.91,226.18
324.89,226.2
324.89,226.21
324.88,226.23
324.88,226.25
324.88,226.23
324.86,226.23
324.85,226.25
324.84,226.24
324.84,226.24
324.85,226.27
324.84,226.27
324.81,226.27
324.79,226.27
324.79,226.28
324.79,226.28
324.79,226.27
324.79,226.26
324.77,226.27
324.79,226.27
324.79,226.27
324.81,226.28
324.8,226.28
324.8,226.28
324.8,226.27
324.8,226.27
324.8,226.27
324.81,226.24
324.9,226.14
324.9,226.14
324.98,226.1
324.93,226.13
324.92,226.14
324.84,226.23
324.64,226.59
324.11,227
323.68,227.52
322.67,229.04
322.17,229.87
321.85,231.22
321.12,232.17
320.82,232.76
320.46,233.1
320.54,234.11
321.19,235.17
321.97,236.48
322.91,238.42
323.59,240.02
324.1,241.38
325.11,242.34
325.79,242.81
326.75,243.05
327.77,243.35
328.19,244.17
328.93,244.9
329.85,245.93
330.43,246.92
330.76,247.7
330.9,248.4
330.9,248.4
330.85,248.78
330.57,249.12
329.97,248.88
329.11,248.98
328.35,248.83
328.35,248.85
328.21,248.97
328.09,249.22
328.09,249.22
328,249.48
327.95,250.49
328.02,251.2
327.96,252.29
327.95,253.28
328.02,254.06
327.99,255
327.98,256.02
328.04,256.77
328.06,257.69
328.1,258.64
328.11,258.7
328.12,258.88
328.06,258.99
328.05,259
327.98,259.19
327.91,259.37
327.98,260.17
327.96,261.18
327.91,262.22
327.97,263.02
327.9,264.16
328.28,264.67
328.97,264.95
329.9,263.18
330.95,262.16
330.85,261.28
332.62,259.79
334.25,257.91
335.72,260.06
337.86,260.73
340.3,261.95
341.44,263.16
342.16,264.16
342.29,265.18
342.65,266.16
342.47,267.26
341.6,268.2
341.38,268.93
340.78,270.4
340.72,272.1
341.36,273.94
342.09,275.92
342.83,279.51
344.22,283.02
345.13,285.56
346.05,287.13
347.08,288.91
348.3,291.06
349.31,292.97
350.33,295.01
351.05,297.03
351.81,298.88
352.88,301.16
353.92,303.42
354.97,306.04
355.79,307.44
354.95,305.4
354.11,304.29
353.49,303.2
353.25,302.16
353.06,301.16
352.81,300.17
352.6,299.12
351.89,297.73
351.06,296.07
350.19,294.1
349.32,292.03
348.33,290.17
347.15,288.01
346.03,285.63
344.96,283.27
344,281.53
343.12,280.24
342.19,278.86
341.12,276.93
340.07,274.84
339.08,272.95
338.18,271.07
337.39,269.17
336.93,267.35
336.15,266.06
335.38,264.78
334.93,263.01
333.97,260.96
333.07,259.08
332.19,257.15
331.18,255.21
330.14,253.26
329.07,251.2
328.05,249.1
327.05,247
326.14,245.05
325.29,243.18
324.43,241.07
323.84,239.02
322.81,236.62
321.86,233.8
321.03,231.63
320.37,231.04
320.29,230.48
320.29,230.46
320.31,230.49
320.32,230.5
320.44,231.3
321.09,232.22
321.79,233.07
321.87,233.74
321.88,233.67
321.89,233.7
321.89,233.7
321.9,233.72
321.91,233.67
321.91,233.67
321.91,233.64
321.9,233.64
321.9,233.64
321.87,233.68
321.88,233.63
321.89,233.64
321.87,233.6
321.86,233.63
321.87,233.63
321.87,233.6
321.87,233.64
321.87,233.64
321.91,233.53
321.86,232.88
321.79,232.2
321.78,232.17
321.8,232.19
321.8,232.19
321.77,232.17
321.77,232.13
321.77,232.14
321.78,232.11
321.77,232.07
321.77,232.06
321.77,232.09
321.75,232.12
321.76,232.12
321.77,232.09
321.71,232.06
321.71,232.05
321.58,232.02
320.98,231.86
320.44,231.73
320.36,231.71
320.35,231.69
320.35,231.69
320.34,231.72
320.37,231.66
320.37,231.67
320.36,231.66
320.34,231.46
320.28,230.94
320.05,230.25
319.94,230.31
319.94,230.31
319.88,230.37
319.87,230.4
319.87,230.39
319.81,230.43
319.64,230.55
319.12,230.97
318.87,231.15
318.48,231.36
318.03,231.85
317.77,232.13
316.86,232.24
316.26,232.03
316,232.42
315.89,233.57
316,234.96
315.89,236.11
315.85,237.34
315.97,238.69
316.06,239.82
316.23,240.9
316.3,241.54
316.59,242
317.3,243.11
318.02,244.15
318.88,245.36
319.95,247.1
320.72,248.81
321.86,250.36
322.93,250.88
323.61,251.8
323.95,251.65
324.35,251.56
324.94,251.1
325.21,251.03
326.12,251.11
326.82,251.47
327.87,252.34
328.87,253.28
329.5,254.28
329.88,254.99
330.03,255.64
330.03,255.64
330.08,255.7
330.12,255.74
330.13,255.74
330.32,255.42
330.27,253.87
330.16,252.93
330,249.68
329.94,244.61
329.69,242.17
329.3,238.76
329.33,234.93
329.16,233.61
329.31,232.26
329.31,231.28
329.21,230.55
329.13,230.51
329.02,230.45
329.02,230.45
328.92,230.43
328.83,230.45
328.83,230.45
328.73,230.43
328.67,230.47
328.67,230.47
328.64,230.52
328.66,231.17
328.74,231.85
328.78,232.51
328.73,232.56
328.73,232.57
328.69,232.6
328.58,232.55
327.98,231.92
327.24,230.92
327.11,230.24
327.1,230.25
327.09,230.24
327.07,230.27
327.07,230.27
327.05,230.31
327.05,230.31
327.03,230.3
327.01,230.31
327.01,230.33
327,230.33
326.98,230.32
326.95,230.31
326.95,230.31
326.95,230.32
326.94,230.34
326.94,230.35
326.94,230.35
326.92,230.36
326.92,230.36
326.93,230.34
326.89,230.35
326.89,230.34
326.88,230.37
326.86,230.36
326.86,230.36
326.85,230.37
326.83,230.34
326.83,230.34
326.84,230.38
326.81,230.36
326.8,230.37
326.8,230.35
326.79,230.34
326.78,230.34
326.75,230.36
326.69,230.34
326.69,230.34
326.68,230.31
326.67,230.33
326.67,230.33
326.66,230.32
326.63,230.31
326.64,230.33
326.63,230.3
326.6,230.29
326.6,230.29
326.53,230.3
326,230.14
326,230.13
325.98,230.13
325.94,230.14
325.95,230.14
325.95,230.14
325.9,230.12
325.9,230.12
325.89,230.11
325.87,230.12
325.87,230.12
325.86,230.11
325.83,230.12
325.83,230.13
325.8,230.11
325.77,230.15
325.77,230.16
325.74,230.15
325.74,230.14
325.75,230.15
325.69,230.12
325.69,230.14
325.68,230.13
325.69,230.11
325.67,230.1
325.67,230.1
325.66,230.12
325.71,230.07
325.71,230.07
325.81,230.03
325.91,229.96
325.91,229.96
325.94,229.92
325.95,229.92
325.95,229.91
325.96,229.93
325.96,229.88
325.96,229.87
325.96,229.88
325.96,229.9
325.96,229.9
325.96,229.89
325.94,229.86
325.93,229.84
325.9,229.87
325.73,230.07
325.73,230.07
325.57,230.57
324.86,231.46
324.33,231.96
324.19,233.12
324.07,234.3
324.13,235.06
324,236.34
324.14,238.23
324.3,239.75
325.09,241.02
326.27,242.21
326.99,243.27
327.96,244.57
329.08,246.16
329.88,247.89
331.09,248.93
332.14,249.61
332.82,249.93
333.7,250.3
334.56,251.35
334.65,252.09
334.85,252.96
334.98,253.9
335.04,254.57
335.04,254.78
335.07,254.93
335.07,254.92
335.05,255.1
334.99,255.36
335.05,256.09
334.99,257.2
334.94,258.19
335,258.88
335,259.99
334.97,261.06
335.04,261.83
335,262.77
334.98,263.81
335.01,264.36
334.92,264.93
334.94,265.97
335,266.69
334.89,266.93
334.81,267.18
334.81,267.18
334.72,267.52
334.64,268.62
334.77,269.99
334.85,270.98
334.77,272.05
334.85,272.78
334.34,274.11
333.63,275.16
333.06,275.41
332.75,271.18
333.41,266
333.93,264.99
334.35,258.37
335.3,252.39
335.74,251.22
335.92,248.56
335.42,245.89
334.76,243.88
333.69,242.93
332.56,242.72
331.35,242.13
330.35,242.15
329.39,242.17
329.31,242.14
329.06,242.46
328.83,243.45
328.9,244.14
328.68,245.04
328.45,245.88
327.99,245.95
327.78,245.9
327.57,246.03
327.01,245.86
326.88,245.97
326.76,246.09
326.76,246.09
326.64,246.14
326.48,246.17
325.98,246
325.89,246.07
325.84,246.11
325.83,246.09
325.71,246.14
325.64,246.19
325.64,246.19
325.49,246.23
324.92,246.1
324.32,245.91
324.26,245.9
324.2,245.9
324.21,245.9
324.17,245.95
323.460289,247.648014
323.06,248.44
323.03,248.49
323.02,248.5
323.02,248.49
322.92,248.03
322.89,248.05
322.9,248.05
322.88,248.07
322.87,248.05
322.87,248.04
322.84,248.05
322.81,248.07
322.8,248.08
322.81,248.08
322.8,248.09
322.79,248.09
322.8,248.05
322.78,248.03
322.78,248.04
322.77,248.06
322.76,248.06
322.76,248.05
322.73,248.07
322.72,248.1
322.72,248.1
322.7,248.09
322.73,248.07
322.73,248.07
322.78,248.04
322.81,248
322.81,248
322.82,247.94
322.84,247.92
322.84,247.92
322.83,247.89
322.84,247.85
322.84,247.85
322.85,247.83
322.85,247.8
322.85,247.79
322.84,247.81
322.84,247.79
322.84,247.79
322.85,247.79
322.83,247.81
322.83,247.8
322.81,247.81
322.82,247.81
322.82,247.81
322.91,247.63
322.88,246.91
322.81,246.37
322.83,246.37
322.86,246.32
322.86,246.32
322.85,246.31
322.87,246.3
322.87,246.3
322.86,246.29
322.88,246.3
322.87,246.29
322.87,246.21
322.86,246.19
322.86,246.19
322.87,246.16
322.85,246.15
322.86,246.15
322.87,246.16
322.88,246.12
322.88,246.12
322.9,246.07
322.89,246.06
322.89,246.06
322.87,246.04
322.88,246.01
322.87,246
322.88,246.01
322.88,245.99
322.87,245.98
322.9,245.9
322.92,245.88
322.92,245.88
322.92,245.84
322.93,245.79
322.93,245.79
323.05,245.48
322.99,244.89
322.92,244.37
322.93,244.24
322.94,244.18
322.94,244.17
322.97,244.1
322.99,244.05
323,244.05
322.95,244.05
322.9,244.02
322.9,244.02
322.87,244.03
322.82,243.99
322.82,243.99
322.73,243.96
322.65,243.98
322.66,243.98
322.53,244.03
321.96,243.9
321.38,243.6
321.43,243.19
321.75,243.66
322.18,244.35
323.33,245.48
324.59,247.2
325.87,249.11
327.37,250.64
329.26,251.86
330.6,253.26
331.93,254.82
333.02,255.77
333.79,256.87
334.79,257.85
335.67,259.09
336.23,260.16
336.45,261.11
336.39,262.17
335.9,262.39
335.61,263.03
334.8,263.74
334.02,262.53
333.05,261.98
332.07,261.29
331.58,260.96
331.24,261.16
331.1,261.63
331.19,262.2
331.12,263.14
331.12,264.11
331.23,264.85
331.18,265.82
331.1,266.82
331.16,267.3
331.09,267.79
330.99,268.13
331.06,268.78
330.92,269.28
330.92,270.23
330.99,270.9
330.94,271.94
330.92,272.93
330.97,273.42
330.87,274.05
330.79,275.12
330.83,275.73
330.6,276.43
329.97,275.35
329.23,274.37
328.99,272.17
328.89,269.6
328.47,267.09
327.88,262.92
326.85,256.22
325.8,252.4
325.07,249.25
324.43,247.42
324.4,247.26
324.28,247.35
324.12,247.44
324.2,247.99
324,248.14
323.84,248.34
323.92,248.91
323.77,249.08
323.64,249.24
323.64,249.23
323.47,249.33
322.85,249.23
322.24,248.95
322.14,249.1
322.06,249.21
322.06,249.21
322.15,249.16
322.23,249.09
322.23,249.09
322.39,248.94
323.37,248.83
323.94,249.06
324.95,248.96
325.71,249.02
325.92,249.11
325.83,248.91
325.88,248.85
325.88,248.84
325.91,248.79
325.93,248.74
325.93,248.74
325.94,248.69
325.97,248.65
325.97,248.65
325.97,248.63
325.99,248.5
325.93,247.98
325.94,248
325.93,247.96
325.93,247.96
325.9,247.92
325.87,247.94
325.87,247.94
325.86,247.91
325.82,247.92
325.82,247.91
325.8,247.91
325.77,247.92
325.77,247.93
325.77,247.91
325.74,247.94
325.73,247.94
325.71,247.92
325.69,247.9
325.68,247.9
325.64,247.94
325.63,247.91
325.63,247.91
325.64,247.89
325.63,247.9
325.63,247.89
325.64,247.89
325.66,247.87
325.64,247.84
325.61,247.84
325.6,247.84
325.59,247.83
325.6,247.84
325.6,247.84
325.59,247.83
325.59,247.82
325.56,247.81
325.56,247.81
325.58,247.81
325.56,247.82
325.56,247.82
325.56,247.78
325.53,247.84
325.52,247.85
325.47,247.84
324.91,247.44
324.24,246.66
324.14,246.08
324.08,245.67
324.08,245.66
324.11,246.08
324.08,246.09
324.08,246.09
324.05,246.09
324.03,246.07
324.03,246.07
324.01,246.08
324,246.09
324,246.09
323.98,246.08
323.96,246.08
323.96,246.08
323.96,246.07
323.93,246.08
323.93,246.09
323.91,246.12
323.9,246.13
323.89,246.12
323.87,246.1
323.87,246.12
323.87,246.12
323.87,246.11
323.87,246.1
323.87,246.1
323.86,246.11
323.86,246.1
323.86,246.1
323.83,246.14
323.81,246.12
323.81,246.12
323.81,246.12
323.8,246.1
323.8,246.1
323.8,246.1
323.79,246.1
323.79,246.1
323.8,246.1
323.79,246.09
323.79,246.1
323.79,246.11
323.77,246.09
323.78,246.09
323.78,246.08
323.81,246.09
323.81,246.09
323.84,246.02
323.97,245.85
323.97,245.85
324.1,245.69
324.22,245.45
324.15,244.97
324.54,244.75
325.22,244.05
325.79,244.17
325.96,244.08
326.03,244
326.03,244
326.07,243.98
326.06,243.93
326.06,243.92
326.09,243.94
326.12,243.92
326.12,243.92
326.13,243.88
326.11,243.9
326.11,243.91
326.11,243.91
326.13,243.85
326.13,243.83
326.11,243.82
326.09,243.77
326.08,243.78
326.09,243.75
326.08,243.72
326.08,243.72
326.07,243.73
326.05,243.73
326.05,243.73
326.03,243.72
326.06,243.65
326.06,243.65
326.16,243.45
326.16,242.99
326.16,242.99
326.17,243.16
326.22,243.47
326.32,244.05
327.3,245.31
329.42,246.54
330.85,248.65
332.97,250.68
335.66,252.5
337.41,254.21
338.91,255.73
340.23,256.35
341.52,257.31
342.61,258.23
343.4,259.74
343.65,260.98
343.89,261.73
343.84,262.89
343.92,263.53
343.66,264.16
342.84,264.98
342.08,264.27
341.2,263.85
340.34,263.04
340.01,262.19
340.07,263.64
340.07,265.32
340.3,266.74
340.13,267.94
340.13,268.95
340.22,269.61
340.06,269.94
339.92,270.45
339.98,271.05
339.92,272.11
339.85,273.21
339.92,273.81
339.9,274.83
339.81,276.02
339.88,276.65
339.68,277.17
339.57,278.35
338.89,277.94
338.02,277.54
337.2,276.74
336.66,275.69
336.53,274.97
336.41,274.07
336.26,273.27
336.28,272.4
336.39,272
336.62,272.97
337.31,274.28
337.97,275.74
338.91,277.6
339.66,279.42
336.456679,281.438628
335.6,281.11
334.12,275.32
333.11,268.76
332.02,265.76
331.15,261.99
329.93,258.53
329.08,257.44
328.26,256.11
327.8,254.92
327.49,254.08
327.16,253.33
327.02,253.5
327.02,253.5
327.09,254.17
327.32,254.52
327.98,254.98
328.71,255.12
328.77,255
328.77,255
328.79,254.91
328.83,254.88
328.82,254.89
328.85,254.83
328.87,254.76
328.87,254.75
328.87,254.77
328.86,254.79
328.86,254.79
328.83,254.8
328.85,254.84
328.84,254.83
328.82,254.86
328.81,254.9
328.81,254.9
328.8,254.91
328.79,254.92
328.8,254.92
328.8,254.9
328.8,254.93
328.8,254.93
328.81,254.93
328.81,254.94
328.81,254.94
328.78,254.95
328.78,254.96
328.78,254.96
328.78,254.98
328.8,254.97
328.8,254.98
328.8,255.01
328.81,255
328.81,255
328.82,255.02
328.81,255
328.81,255
328.8,255.01
328.82,255.01
328.82,255.01
328.84,255.03
328.83,255.03
328.83,255.03
328.86,255.01
328.9,255.02
328.9,255.04
328.93,254.99
328.92,254.96
328.92,254.96
328.92,255
328.94,255.01
328.94,255.01
328.94,254.97
328.96,254.98
328.96,254.97
328.96,254.98
328.96,254.99
328.96,254.99
328.97,255.02
328.98,255
328.97,254.99
328.97,254.97
328.96,255.04
328.96,255.04
328.98,255.05
328.98,255.03
328.99,255.04
329,255
329,255
329.01,255.01
329.03,254.98
329.04,254.96
329.05,254.96
329.05,255.02
329.05,254.99
329.06,254.99
329.07,255.03
329.09,255
329.09,255
329.08,254.99
329.1,254.99
329.1,254.98
329.12,254.97
329.12,254.95
329.13,254.94
329.13,254.94
329.13,254.97
329.14,254.98
329.14,255.02
329.15,254.99
329.14,254.97
329.16,254.98
329.15,254.97
329.15,254.97
329.19,254.97
329.23,254.94
329.23,254.94
329.22,254.94
329.2,254.94
329.2,254.94
329.18,254.93
329.22,254.9
329.22,254.9
329.29,254.91
329.34,254.92
331.258123,254.146209
331.76,254.46
332.17,255.26
332.52,256.13
332.77,256.94
332.93,257.65
332.93,257.65
332.94,257.61
332.94,257.6
332.94,257.6
332.96,257.52
332.88,256.75
332.69,255.99
332.44,255.17
331.77,254.09
331.05,253.03
330.68,252.12
330.34,251.22
330.07,250.4
330.08,250.43
330.24,250.33
330.24,250.33
330.61,250.2
331.02,250.52
331.25,251.27
331.95,252.32
332.76,253.26
333.44,254.28
333.72,255
333.87,255.79
333.97,256.22
333.97,256.5
333.98,256.61
333.97,256.62
334.04,256.66
334.15,256.75
334.15,256.75
334.29,256.87
334.62,257.06
334.9,257.26
335.39,257.25
336.17,257.39
336.84,258.65
338.07,260.36
339.57,262.07
340.74,264.22
342.2,265.87
344.22,267.81
345.69,270.09
347.05,271.47
348.16,271.48
348.77,272.06
349.32,272.46
350.34,272.87
350.78,273.13
351.03,273.08
351.14,273.2
351.14,273.2
351.03,273.33
350.93,273.59
351.14,274.29
351.16,275.24
351.16,276.21
351.45,277.06
351.86,278.25
351.94,279.17
352.15,279.92
352.08,280.93
352,282.02
352.25,282.81
352.1,283.68
352.03,284.81
352.26,285.55
351.97,285.94
351.64,286.26
351.51,286.73
351.17,286.88
350.94,287.13
350.94,287.12
350.68,287.38
350.25,288.06
350.59,288.95
350.74,290.18
350.62,291.19
350.86,292
350.82,293.04
350.78,294.12
350.99,294.91
350.99,295.97
351,296.97
351.23,297.77
351.1,298.89
350.96,300.07
351.11,300.8
350.97,301.99
350.87,303.02
350.98,303.68
350.95,303.83
350.9,303.92
350.9,303.92
350.26,304.42
349.8,307.41
350.76,309.98
350.98,310.03
350.94,307.14
350.51,305.52
349.7,304.12
348.59,304.77
347.96,304.31
346.64,304.13
344.8,303.85
343.01,300.93
340.85,299.02
338.88,297.05
337.16,294.35
335.16,291.93
333.11,289.19
332.06,287.09
330.75,285.36
329.21,284.03
328.52,282.88
328,282.03
327.02,280.93
326.2,279.55
325.03,277.27
323.91,275
322.89,272.91
321.72,271.02
320.62,269.12
319.71,267.36
318.93,266.42
318.17,265.32
317.57,264.1
317.09,263.27
316.78,262.63
316.26,262.03
315.9,261.18
315.53,260.33
314.85,259.09
314.03,257.88
313.25,256.55
312,252.14
310.77,248.37
309.99,247.05
309.02,245.26
307.87,243.32
306.72,241.43
305.92,240.32
305.1,239.27
304.41,238.3
304.08,237.47
304.03,237.66
304.19,238.33
304.52,239.13
305.15,240.16
305.94,241.29
306.79,242.52
307.82,244.42
308.79,246.4
309.76,248.43
310.59,250.38
310.81,251.95
311.03,253.62
311.12,254.44
311.12,254.61
311.11,254.53
311.11,254.61
311.11,254.64
311.11,254.63
311.08,254.61
311.06,254.62
311.06,254.61
311.05,254.66
311.05,253.06
310.89,251.84
311.02,250.69
311.09,249.71
310.98,248.95
311.14,247.86
312.24,246.91
312.67,246.56
313.24,246.04
314.01,246.17
314.62,246.71
314.98,247.06
315.56,246.83
315.96,247.06
316.63,246.85
317.31,246.82
317.84,247.14
317.97,247.02
318.02,246.95
318.02,246.95
318.03,246.93
317.98,246.99
317.97,246.98
317.9,247.02
317.77,247.09
317.77,247.09
317.6,247.15
316.86,246.94
316.26,246.56
315.89,245.93
315.02,244.85
314.46,243.88
314.14,243.03
313.91,242.25
313.77,241.62
313.73,241.59
313.7,241.6
313.83,242.26
313.93,243.04
313.97,243.82
314.09,244.63
314.01,244.69
313.97,244.78
313.97,244.78
313.93,244.76
313.91,244.86
313.91,244.85
313.87,244.91
313.85,244.93
313.85,244.93
313.81,244.96
313.78,245.03
313.78,245.04
313.76,245.04
313.75,245.05
313.75,245.06
313.72,245.11
313.7,245.16
313.7,245.15
313.66,245.08
313.64,245.17
313.64,245.17
313.63,245.17
313.62,245.18
313.62,245.19
313.62,245.18
313.61,245.19
313.62,245.17
313.72,245.07
313.78,244.96
313.79,244.99
313.82,244.95
313.83,244.94
313.83,244.97
313.86,244.93
313.93,244.77
313.94,244.77
313.94,244.8
313.95,244.67
313.95,244.67
313.97,244.59
313.94,244.65
313.95,244.65
314.04,244.64
314.44,244.66
314.92,244.97
315.24,244.97
316.27,245.17
316.72,245.57
318.23,246.25
320.08,247.43
321.75,250.38
323.75,252.51
326.17,254.33
327.6,256.04
328.97,256.88
330.06,256.5
330.58,256.23
331.04,255.91
331.87,256.16
332.61,257.1
333.01,257.84
333.39,258.71
333.96,259.63
334.07,260.24
334.05,260.58
334.05,260.58
333.94,260.88
333.87,261
333.86,261
333.75,261.22
333.58,261.55
333.19,261.79
332.95,262.07
332.72,262.5
332.57,262.87
332.25,263.02
331.98,263.3
332.18,264.01
332.18,264.98
332.04,266.01
332.23,266.76
332.16,267.72
332.05,268.73
332.2,269.4
331.99,269.84
331.72,270.13
331.22,269.77
330.9,270.15
330.76,271.14
330.94,271.99
330.81,273.06
330.7,274.15
330.84,274.87
330.75,275.97
330.69,277
330.81,277.71
330.7,277.99
330.56,278.34
329.97,278.3
329.13,277.56
328.14,276.89
327.66,275.94
326.76,275.67
325.8,277.72
325.87,278.74
325.46,280.51
324.78,279.54
323.95,278.04
322.78,274.48
321.88,269.81
320.59,265.05
319.04,257.7
317.65,253.44
315.88,250.36
313.92,248.54
312.2,246.25
311,244.09
309.97,242.36
308.89,241.35
308.07,240.19
306.99,239.27
305.95,238.31
305.27,237.28
304.74,236.78
304.08,236.48
303.87,236.37
304.16,237.76
304.42,239.12
305.13,240.18
305.78,241.48
306.2,243.17
307.29,245.21
308.03,247.19
308.77,249.17
309.62,251.03
309.78,252.96
309.92,254.8
310.21,256.59
310.35,257.79
315.662455,267.142599
310.463899,265.84296
311.763538,268.442238
311.99,268.34
312,268.41
311.97,268.52
311.92,268.57
311.92,268.58
311.88,268.62
311.79,268.61
311.78,268.6
311.75,268.62
311.68,268.65
311.68,268.65
311.63,268.68
311.57,268.63
311.56,268.61
311.43,268.55
311,267.81
310.86,267.21
310.8,267.19
310.77,267.21
310.77,267.21
310.73,267.19
310.69,267.18
310.69,267.18
310.65,267.16
310.54,267.07
310.23,266.93
310.18,266.96
310.14,266.95
310.14,266.95
310.1,266.95
310.07,266.9
310.08,266.9
310.02,266.9
310.01,266.92
310.01,266.92
309.98,266.93
309.97,266.91
309.97,266.9
309.92,266.92
309.92,266.92
309.91,266.91
309.89,266.9
309.86,266.89
309.85,266.88
309.83,266.87
309.81,266.85
309.81,266.84
309.78,266.87
309.76,266.82
309.76,266.82
309.73,266.82
309.71,266.82
309.71,266.81
309.72,266.84
309.68,266.81
309.69,266.81
309.64,266.79
309.64,266.76
309.64,266.76
309.65,266.77
309.63,266.71
309.63,266.7
309.64,266.69
309.65,266.67
309.65,266.67
309.63,266.65
309.65,266.66
309.66,266.68
309.65,266.62
309.63,266.58
309.63,266.58
309.6,266.58
309.6,266.55
309.6,266.53
309.6,266.49
309.34,265.86
308.97,265.1
308.83,264.55
308.81,264.58
308.8,264.57
308.92,265.06
308.92,265.04
308.91,265.03
308.9,265.04
308.92,264.99
308.92,264.99
308.9,264.99
308.87,264.96
308.87,264.97
308.86,264.96
308.83,264.96
308.83,264.95
308.87,264.93
308.86,264.91
308.86,264.9
308.86,264.83
308.87,264.86
308.87,264.86
308.85,264.83
308.85,264.83
308.85,264.83
308.85,264.79
308.81,264.76
308.81,264.75
308.78,264.73
308.78,264.73
308.78,264.73
308.78,264.71
308.79,264.71
308.8,264.72
308.8,264.66
308.8,264.6
308.8,264.6
308.81,264.64
308.79,264.64
308.8,264.65
308.78,264.58
308.8,264.58
308.79,264.57
308.77,264.54
308.76,264.51
308.57,263.92
308.08,263.05
307.95,262.45
307.95,262.44
307.99,262.41
308.01,262.34
308.01,262.34
308.02,262.3
308.03,262.27
308.03,262.27
308.03,262.27
308.1,262.16
308.1,262.16
308.3,261.99
308.27,261.97
308.27,261.97
308.28,262
308.33,261.99
308.34,262
308.37,262
308.4,262.03
308.4,262.03
308.36,262.09
308.34,262.08
308.34,262.08
308.3,262.1
308.23,262.11
308.23,262.11
308.2,262.11
308.19,262.11
308.19,262.13
308.23,262.1
308.23,262.09
308.24,262.09
308.25,262.11
308.23,262.13
308.22,262.13
308.19,262.11
308.14,262.15
308.14,262.16
308.1,262.16
308.06,262.18
308.06,262.18
308.05,262.23
308.01,262.32
308.01,262.32
308,262.46
308.19,263.09
308.4,263.76
309.11,264.01
309.82,264.3
310.13,265.02
311.14,265.72
312.34,266.01
312.76,266.35
314.49,267.04
316.41,268.26
317.63,270.32
319.1,272.16
321.03,274.28
321.88,276.07
323.26,277.75
325.01,279.02
325.44,279.87
326.45,280.69
327.35,281.73
328.01,282.86
328.83,283.9
329.74,285.01
330.15,286.02
330.72,286.99
331.21,287.49
331.61,288
332.22,288.26
333.2,288.42
333.64,289
334.24,288.63
334.71,288.24
334.72,288.24
334.89,288.36
335.05,288.31
335.05,288.31
335.27,288.1
335.3,288.04
335.32,288.05
335.2,288.16
335.21,288.11
335.21,288.11
335.11,288.28
334.99,288.66
335.11,289.3
335.1,290.34
335.1,291.34
335.29,292.12
335.28,293.09
335.22,294.14
335.45,294.95
335.91,296.52
335.89,298.44
336.26,299.85
335.98,301.25
335.73,303.13
336.3,304.91
336.7,307.46
328.658845,299.633574
329.958484,294.435018
331.258123,298.333935
329.958484,295.734657
328.658845,295.734657
328.658845,295.734657
324.759928,297.034296
324.759928,297.034296
324.759928,297.034296
313.063177,290.536101
315.662455,285.337545
